Property_ID,Arrondissement,Property_Type,Size_sqm,Rooms,Floor,Year_Built,Condition,Distance_to_Center_km,Price_EUR
P10000,4.0,Apartment,117.0,4.0,7.0,1870.0,Renovated,2.76,2270802.89
P10001,8.0,Studio,89.0,3.0,3.0,1953.0,Good,10.77,1637076.12
P10002,4.0,[Apartment],164.0,5.0,5.0,1979.0,Needs Renovation,3.14,3220782.59
P10003,2.0,Apartment	,35.0,1.0,5.0,-1011.5,New,4.72,407781.74
P10004,7.0,Studio,73.0,2.0,2.0,1957.0,needs renovation,7.96,624879.12
P10005,18.0,Studio,1990.0,1.0,2.0,1984.0,Needs Renovation,2.97,667477.59
P10006,8.0,studio,181.0,2.0,1.0,1858.0,Renovated,0.73,3508979.39
P10007,1.0, Studio,144.0,4.0,6.0,2021.0,Needs Renovation ,7.68,1568492.01
P10008,11.0,Penthouse,189.0,3.0,3.0,1899.0,Good,10.11,3574338.67
P10009,7.0,Penthouse,16.0,2.0,1.0,1893.0,New,14.12,236998.46
P10010,3.0,Loft,28.0,4.0,7.0,20230.0,New,8.33,-1975415.91
P10011,200.0,Penthouse,38.0,2.0,8.0,2006.0,Renovated,12.13,744156.42
P10012,-10.0,Loft,79.0,1.0,90.0,1978.0,New,3.38,1567568.82
P10013,13.0, Apartment,77.0,3.0,7.0,2012.0,Renovated,11.96,cinco punto tres
P10014,20.0,Penthouse,137.0,5.0,9.0,1890.0,Good,13.77,2618838.64
P10015,3.0,Apartment,86.0,4.0,90.0,2000.0,Good,10.2,1029486.76
P10016,10.0,Apartment,51.0,-2.5,5.0,1884.0,NEEDS RENOVATION,7.35,na
P10017,4.0,Loft,115.0,3.0,9.0,1991.0,  Renovated  ,7.66,1969883.37
P10018,15.0,Penthouse,151.0,2.0,2.0,1912.0,	Good	,13.49,39508318.199999996
P10019,12.0,Penthouse,66.0,50.0,4.0,2000.0, New ,9.26,na
P10020,9.0,Apartment,157.0,3.0,6.0,1935.0,Good,13.27,1638567.35
P10021,18.0,Studio,184.0,5.0,4.0,1983.0,Good,7.12,-22717282.96
P10022,15.0,Loft,122.0,4.0,9.0,1941.0,Renovated,5.67,1585770.56
P10023,18.0,*APARTMENT*,143.0,1.0,nueve,1965.0,Renovated,5.61,-1975415.91
[P10024],2.0,Studio,cinco punto tres,3.0,4.0,1900.0,New,4.41,221151.84
P10025,11.0,Loft,-99.5,3.0,doce,-11632.25,Renovated,1.44,1971820.24
P10026,3.0,Studio,66.0,4.0,1.0,1980.0,Renovated,4.86,727411.58
P10027,7.0,Loft,127.0,1.0,1.0,1979.0,Needs Renovation,6.46,1422574.27
P10028,15.0,Studio,101.0,50.0,0.0,1996.0,Renovated,10.37,39508318.199999996
P10029,5.0,Studio,67.0,4.0,5.0,2009.0,Renovated,9.09,896017.66
P10030,19.0,Loft,197.0,3.0,0.0,1887.0,Needs Renovation,5.83,2449863.13
P10031,12.0,Studio,130.0,2.0,0.0,1973.0,Good,7.87,2028306.35
P10032,17.0,Loft,107.0,3.0,3.0,1996.0,New,10.81,1614706.54
P10033,2.0,Apartment,161.0,4.0,3.0,20230.0,Good,6.26,2534473.83
P10034,6.0,Loft,53.0,2.0,8.0,2000.0,New,8.35,956783.63
P10035,13.0,Loft,56.0,3.0,9.0,1961.0,Needs Renovation,8.55,601585.61
P10036,17.0,Penthouse,74.0,1.0,4.0,1886.0,New,13.3,806764.83
P10037,4.0,Penthouse,23.0,1.0,2.0,1997.0,Renovated,13.36,280381.84
P10038,4.0,Penthouse,134.0,1.0,-4.5,-1011.5,Needs Renovation,13.53,2104386.89
P10039,200.0,Loft,98.0,3.0,8.0,1948.0,New,14.62,1221804.53
P10040,200.0,Studio,160.0,2.0,2.0,2018.0,New,3.05,2212378.41
P10041,10.0, Studio,82.0,1.0,3.0,-1011.5,[Good],11.29,1141991.42
P10042,12.0,Studio,-99.5,1.0,-4.5,1968.0,New,4.13,2307166.76
P10043,20.0,Penthouse,172.0,5.0,7.0,1876.0,Needs Renovation,6.8,2380635.8
	P10044	,1.0,Apartment,35.0,-2.5,0.0,1910.0,Renovated,7.74,522299.63
P10045,10.0,Studio,18.0,3.0,0.0,2021.0,New,14.14,310007.67
P10046,8.0,Apartment,60.0,5.0,8.0,1886.0,New,13.96,1116115.7
P10047,16.0,Apartment,60.0,5.0,0.0,1965.0,Good,149.9,892050.58
P10048,5.0,Loft,174.0,1.0,1.0,1874.0,Good,6.22,seven
P10049,9.0,Loft,68.0,2.0,7.0,1963.0,Good,9.42,1302893.74
P10050,18.0,Studio,100.0,2.0,9.0,1979.0,Renovated,5.18,1104996.38
P10051,13.0, Studio ,118.0,-2.5,5.0,1888.0,Needs Renovation,4.76,1137455.81
P10052,17.0,	Loft	,1990.0,3.0,7.0,1862.0,New,1.68,442979.33
P10053,8.0,Studio,149.0,1.0,90.0,-11632.25,New,1.53,2314675.21
P10054,11.0,loft,158.0,4.0,1.0,-1011.5,Good,6.86,2945026.11
P10055,200.0,Studio,100.0,3.0,5.0,1907.0,New,12.98,1358717.62
P10056,3.0,Apartment,63.0,4.0,5.0,1950.0,	Good	,8.07,533359.06
P10057,3.0,Apartment,67.0,4.0,4.0,20230.0,Renovated,1.74,709520.11
P10058,3.0,Studio,123.0,4.0,2.0,1904.0,Renovated,-7.495,1591158.36
P10059,na,Studio,158.0,5.0,90.0,2007.0,	Good	,1.1,3102241.9
  P10060  ,19.0,Loft,134.0,3.0,6.0,1939.0,Good,0.87,1777866.04
P10061,16.0, Penthouse ,131.0,1.0,0.0,1907.0,Good,13.77,2130321.84
P10062,4.0,Apartment,48.0,1.0,90.0,1978.0,	Needs Renovation	,149.9,764273.69
P10063 ,12.0,Loft	,83.0,N/A,9.0,1993.0,Needs Renovation,2.8,1081921.66
P10064,15.0,Apartment,100.0,1.0,4.0,1896.0,New,1.09,1210255.6
P10065,2.0,APARTMENT,158.0,2.0,4.0,1888.0,Renovated,5.52,2711338.95
P10066,4.0,  Studio  ,1990.0,,4.0,1949.0,Good,1.16,1769873.14
P10067,7.0,Loft,152.0,2.0,0.0,1918.0,[Good],10.42,2918587.83
P10068,14.0,Studio ,30.0,50.0,3.0,2001.0,Renovated,10.32,249544.07
P10069,15.0,Studio,177.0,4.0,2.0,2020.0,New,14.15,1688934.75
	P10070	,15.0,Apartment,81.0,1.0,9.0,1892.0,New,3.34,1582277.23
P10071,18.0,Apartment,155.0,4.0,1.0,1884.0,New,5.38,1427447.08
P10072,8.0,Studio,104.0,5.0,9.0,2011.0,Needs Renovation,nueve,1886404.39
P10073,16.0,Loft,149.0,4.0,1.0,1924.0,new,13.22,2430887.96
P10074,13.0,Apartment,178.0,1.0,8.0,2013.0,Good,3.07,-1975415.91
P10075,13.0,Apartment,1990.0,3.0,3.0,1945.0,Needs Renovation,5.44,3301086.24
P10076,9.0,Loft,51.0,-2.5,6.0,1948.0,  Renovated  ,2.0,39508318.199999996
P10077,14.0,Loft,31.0,1.0,8.0,1935.0,Good,4.82,435953.88
P10078,7.0,Penthouse,33.0,1.0,8.0,20230.0,Good,1.82,285180.18
P10079,2.0,Apartment,42.0,4.0,4.0,1918.0,  Renovated  ,4.75,625012.7
P10080,225.31,Apartment,39.0,50.0,3.0,1902.0,Needs Renovation,11.98,626738.64
P10081,17.0,Studio,1990.0,5.0,9.0,2016.0, Needs Renovation,14.94,1361151.6
	P10082	,200.0,Apartment,1990.0,5.0,1.0,1925.0,Good,10.48,2290842.03
P10083,3.0,Apartment,159.0,5.0,7.0,2019.0,Good,6.25,2871821.3
P10084,13.0,Apartment,41.0,2.0,4.0,2015.0,Good,149.9,400129.57
P10085,19.0,Apartment,123.0,1.0,0.0,1920.0, Good,14.8,2283411.31
P10086,14.0,Penthouse,146.0,4.0,90.0,1957.0,Renovated,8.6,1827206.79
 P10087,7.0,Penthouse,105.0,2.0,6.0,1975.0,Good,7.64,1982006.53
P10088,9.0,studio,155.0,2.0,9.0,1997.0,Good,2.22,2111708.79
P10089 ,10.0,Loft,75.0,1.0,2.0,20230.0,Renovated,14.45,1269790.49
P10090,3.0,Apartment,127.0,1.0,5.0,-1011.5,good,14.47,33991301.02
P10091,20.0,Apartment,58.0,5.0,4.0,1929.0,New,8.15,1139035.66
P10092,18.0,Studio,178.0,-2.5,8.0,1995.0,Renovated,2.91,2909398.16
P10093,5.0, Apartment,63.0,1.0,90.0,1852.0,New,149.9,978433.91
P10094,8.0,Penthouse,199.0,3.0,7.0,1951.0,Renovated,7.11,2262940.1
P10095,6.0,Loft,170.0,5.0,3.0,1939.0,Renovated,6.13,1925857.61
P10096,20.0,Loft ,74.0,2.0,4.0,1890.0,Renovated,4.27,828152.88
P10097,4.0,Studio,169.0,1.0,4.0,-1011.5,Renovated,2.43,1919360.39
P10098,4.0,	Apartment	,49.0,5.0,2.0,1896.0,Good,13.83,945032.71
P10099,9.0,Penthouse,24.0,2.0,4.0,1968.0,Good,-7.495,350857.31
  P10100  ,11.0,Studio,132.0,-2.5,0.0,1860.0,  Renovated  ,9.11,1816906.21
P10101,17.0,Loft	,77.0,1.0,-4.5,2010.0,[Renovated],7.3,1512200.9
P10102,-10.0,Apartment,113.0,1.0,6.0,1855.0,renovated,10.53,922539.18
*P10103*,9.0,Apartment,109.0,5.0,4.0,1872.0,[New],-7.495,-1975415.91
P10104,11.0,Studio,179.0,2.0,0.0,1934.0, New,7.03,3257042.6
P10105,203.28,Loft,-99.5,1.0,3.0,1962.0,Needs Renovation,11.48,2411627.93
P10106,-10.0,Apartment,48.0,4.0,6.0,20230.0,New,-,538755.35
P10107,3.0,Studio,196.0,3.0,90.0,1903.0,New,twenty,-1975415.91
P10108,12.0,Studio,71.0,1.0,6.0,1934.0,Needs Renovation,9.77,682180.97
P10109,5.0,	Apartment	,NULL,3.0,1.0,-1011.5,Renovated,9.32,1676565.33
P10110,12.0,Apartment,96.0,3.0,1.0,1901.0,Renovated,8.44,872834.41
P10111,7.0,Studio	,seven,4.0,9.0,1900.0,New,10.62,1076522.75
P10112,12.0,Loft,43.0,4.0,dieciocho,1923.0,Good,11.65,581022.95
P10113,8.0,Studio,98.0,5.0,4.0,veinte,Good,-7.495,1936518.31
P10114,14.0, Apartment ,129.0,1.0,5.0,1993.0,Good,9.79,1744264.46
P10115,11.0,Loft,118.0,4.0,2.0,1945.0,  Good  ,7.37,1433464.87
P10116,9.0,Studio,107.0,2.0,2.0,1996.0, Good ,12.42,1628885.05
P10117,13.0,Apartment,106.0,2.0,4.0,1919.0, Needs Renovation,2.25,1073157.34
P10118,8.0,Studio,26.0,2.0,seven,1927.0,[Needs Renovation],5.29,486995.79
P10119,12.0,Penthouse,169.0,1.0,8.0,1905.0,Needs Renovation ,13.17,1539165.31
P10120,8.0,Apartment,77.0,5.0,3.0,1850.0,Good,1.73,618397.8
P10121,13.0,Penthouse,113.0,5.0,7.0,1863.0,Renovated,9.46,39508318.199999996
 P10122,3.0,Penthouse,-99.5,2.0,7.0,1964.0,Renovated,-7.495,1561207.92
P10123,17.0,Loft,-99.5,3.0,1.0,1887.0,Renovated,8.22,1798170.23
P10124,1.0,Apartment,29.0,1.0,9.0,1888.0,GOOD,5.17,488617.01
P10125,6.0,Penthouse,100.0,2.0,8.0,1994.0,New,5.47,1442402.68
  P10126  ,4.0,Loft,39.0,4.0,8.0,1958.0,Renovated,7.45,39508318.199999996
[P10127],-10.0,Loft,125.0,2.0,7.0,1962.0,New,8.68,39508318.199999996
P10128,13.0,Studio,56.0,1.0,3.0,20230.0,Renovated,9.31,674764.27
P10129,2.0,Loft,198.0,50.0,4.0,-1011.5,-,3.94,3927960.23
P10130,17.0, Studio,164.0,5.0,6.0,N/D,Renovated,2.83,1612826.79
P10131,200.0,Apartment,89.0,1.0,2.0,1880.0,Renovated,6.45,797689.64
P10132	,20.0,Penthouse,50.0,2.0,3.0,1928.0,New,12.35,745599.05
P10133,10.0,Penthouse,1990.0,3.0,1.0,1928.0,Needs Renovation,8.26,2266992.89
P10134,11.0,Loft,40.0,3.0,4.0,1919.0,Renovated	,149.9,722519.63
P10135,18.0,PENTHOUSE,82.0,3.0,3.0,1962.0,Good,8.18,852314.82
P10136,14.0,Loft,15.0,2.0,5.0,1886.0,Good,7.84,258200.31
P10137,20.0,Penthouse,114.0,5.0,0.0,1983.0,Needs Renovation,5.38,1640582.34
P10138,18.0,	Apartment	,24.0,5.0,1.0,20230.0,Renovated,10.43,210251.99
P10139,10.0,Studio,98.0,1.0,8.0,1866.0, Needs Renovation,2.19,947257.93
P10140,-10.0,Penthouse,157.0,3.0,0.0,1918.0,good,12.54,1913267.81
P10141,15.0,Loft,192.0,5.0,8.0,2011.0,Good,3.13,3219918.66
P10142,17.0, Studio,49.0,1.0,-4.5,1909.0,Good,12.71,827778.94
P10143,3.0,Penthouse,86.0,3.0,2.0,2014.0,Renovated,12.31,1508715.87
P10144,3.0,Studio,137.0,2.0,8.0,1891.0,Renovated,6.19,2588531.92
P10145,8.0,Studio,veinte,3.0,0.0,1872.0,Good,6.86,N/A
P10146,1.0, Apartment,1990.0,1.0,6.0,1902.0,Good,13.64,3138747.44
P10147,16.0,Apartment,193.0,3.0,-4.5,1984.0,Needs Renovation,11.09,2543419.18
P10148,14.0,	Studio	,56.0,4.0,0.0,2004.0,Needs Renovation ,11.93,981584.93
P10149,-115.0,Loft,52.0,1.0,4.0,2004.0,Good,-7.495,610514.57
P10150,5.0,*Apartment*,100.0,2.0,9.0,1946.0,New ,1.99,1714950.42
P10151,14.0,Studio ,-99.5,-2.5,3.0,1864.0,Good,149.9,2090020.41
 P10152,17.0,Loft,19.0,5.0,1.0,2004.0,New,9.8,204269.32
P10153	,18.0,Studio ,1990.0,4.0,4.0,1997.0,New,3.13,2953758.5
P10154,15.0,Studio,88.0,-2.5,9.0,1990.0,GOOD,2.52,1704331.21
P10155,17.0,Penthouse,125.0,4.0,3.0,1917.0,Needs Renovation,11.96,1889444.36
P10156,20.0,Loft,51.0,2.0,-4.5,1986.0,Needs Renovation,6.65,880002.96
P10157,6.0,Loft,43.0,1.0,88.26,cinco punto tres,Needs Renovation,2.14,821593.35
P10158,200.0,Studio,163.0,2.0,5.0,1906.0,Renovated,5.32,2944884.66
P10159,17.0,[Loft],196.0,3.0,90.0,1902.0,Good,twenty,-1975415.91
P10160,9.0,Loft,194.0,1.0,-51.75,1884.0,New,6.27,1562783.35
P10161,-115.0,loft,39.0,five point two,90.0,1984.0,Renovated,-7.495,742492.43
P10162,11.0,Penthouse,176.0,3.0,2.0,-1011.5,New,8.88,2363084.29
P10163,5.0,Penthouse ,194.0,5.0,0.0,1878.0,Good,8.92,3681761.26
P10164,13.0,Studio,1990.0,2.0,4.0,1898.0, Good,3.08,1337769.89
P10165,200.0,Loft,98.0,1.0,5.0,1935.0,Needs Renovation,1.74,958827.37
P10166,11.0,Loft,1990.0,1.0,6.0,1972.0,Needs Renovation,149.9,1368227.81
P10167,200.0,Studio,76.0,5.0,90.0,20230.0, New,1.45,39508318.199999996
P10168,13.0,Apartment,92.0,nueve,1.0,1962.0,Needs Renovation,N/A,1236430.87
P10169,16.0,Apartment,180.0,-,0.0,1857.0,Renovated,13.0,1775318.93
P10170,10.0,Loft,117.0,3.0,9.0,1959.0,Needs Renovation,8.14,1460126.28
P10171,-10.0,Studio,101.0,treinta y dos,6.0,20230.0,Needs Renovation,6.42,1825824.1
*P10172*,ocho horas,Penthouse,71.0,3.0,7.0,1903.0,Needs Renovation,5.42,764875.73
P10173 ,16.0,?,81.0,3.0,90.0,2011.0,Needs Renovation,12.18,1282469.22
P10174,11.0,Loft,-99.5,3.0,3.0,2014.0,Good,2.55,1994282.77
P10175,15.0,Studio,156.0,2.0,6.0,20230.0,New,3.51,1272339.6
P10176,13.0,Apartment,161.0,5.0,doce,1851.0,New,149.9,2981289.95
P10177,treinta y dos,Studio,162.0,3.0,1.0,1968.0,Needs Renovation,4.39,-1975415.91
P10178,6.0, Penthouse,19.0,5.0,null,1902.0,Renovated,4.77,245345.86
P10179,13.0,[Penthouse],100.0,4.0,9.0,2007.0,Good,7.57,968135.81
P10180,15.0,Penthouse,-99.5,1.0,-4.5,1863.0,Renovated,11.25,1962062.34
P10181,13.0,	Penthouse	,39.0,1.0,3.0,2003.0,Needs Renovation,8.12,377218.64
P10182,9.0,Apartment,123.0,2.0,5.0,1995.0,[Needs Renovation],8.18,-
P10183,1.0,Apartment,56.0,4.0,1.0,-11632.25,Renovated,6.38,39508318.199999996
P10184,8.0,Apartment,136.0,50.0,9.0,1935.0,New,-7.495,1424879.52
  P10185  ,1.0,Studio,71.0,3.0,8.0,1902.0,	Good	,3.04,1076995.96
P10186 ,1.0, Apartment ,-99.5,1.0,9.0,1895.0,Good,1.18,2435721.06
P10187,5.0,Loft,1990.0,3.0,90.0,20230.0,New,11.68,694446.67
P10188	,19.0,Studio,43.0,5.0,3.0,1962.0,Needs Renovation,10.96,775932.76
P10189,218.29, Penthouse,68.0,2.0,7.0,1999.0,RENOVATED,11.12,867665.89
P10190	,20.0,Apartment	,47.0,2.0,3.0,-11632.25,Good,7.7,393587.29
P10191,10.0,LOFT,123.0,3.0,9.0,1922.0,New,,1477343.98
P10192,10.0,Loft,31.0,1.0,7.0,1891.0,Needs Renovation,7.17,432322.77
[P10193],7.0,Apartment,49.0,3.0,2.0,1951.0,Good,9.06,437726.02
P10194,4.0,Penthouse,33.0,5.0,0.0,1866.0,New,14.28,300266.5
	P10195	,19.0,Apartment,69.0,1.0,7.0,1932.0,Renovated,11.12,-1975415.91
P10196,18.0,*Loft*,163.0,1.0,5.0,1874.0,Renovated,13.6,2592580.27
P10197,3.0,Penthouse,26.0,54.34,9.0,1896.0,New,1.14,516152.42
P10198,14.0,*Studio *,30.0,-2.5,4.0,1935.0,New,149.9,305007.12
P10199,14.0,Penthouse,28.0,50.0,2.0,1921.0,Needs Renovation,14.58,469623.95
P10200,5.0,Loft,96.0,4.0,1.0,1952.0,Good,1.04,1740920.91
P10201,17.0,Penthouse,173.0,3.0,1.0,1980.0,Needs Renovation ,10.6,-22717282.96
P10202,15.0,Loft,182.0,50.0,6.0,20230.0,Renovated,12.16,3038890.63
P10203,11.0,Studio,1990.0,5.0,1.0,2010.0,New,13.35,286917.52
P10204,9.0,Loft,184.0,4.0,6.0,2019.0, Needs Renovation,14.86,1986374.52
P10205,nueve,Loft,27.0,5.0,2.0,1972.0,*Renovated*,14.97,39508318.199999996
P10206,1.0,	 Penthouse	,43.0,1.0,4.0,1865.0,*Renovated*,13.17,551396.35
P10207,6.0,*Loft*,135.0,2.0,6.0,1933.0,Good,11.19,1228552.92
*P10208*,12.0,Penthouse,191.0,3.0,7.0,2007.0,Renovated,12.87,2599076.28
P10209,9.0,loft,160.0,5.0,0.0,1922.0,New,2.09,na
P10210,17.0,Studio,1990.0,4.0,9.0,20230.0,NEW,11.9,1433571.3
P10211,8.0,Loft,185.0,4.0,7.0,-11632.25,Needs Renovation,14.2,NaN
P10212,18.0,Studio,25.0,5.0,6.0,-1011.5,new,1.44,496755.47
P10213,16.0,[Loft],86.0,4.0,5.0,1966.0,New,12.54,1552636.16
P10214,3.0,Penthouse ,1990.0,2.0,8.0,2018.0,Good,3.2,1061854.69
P10215,13.0,Studio,17.0,5.0,6.0,1858.0,Renovated,13.95,147799.91
	P10216	,19.0,Penthouse,136.0,1.0,-4.5,2012.0, Needs Renovation,11.49,41849771.08
P10217,18.0,Penthouse,76.0,1.0,2.0,1862.0,Needs Renovation,149.9,748353.07
P10218,200.0,Penthouse,103.0,-2.5,4.0,1947.0,Renovated,7.13,1930122.9
P10219,15.0,Penthouse,198.0,54.18,8.0,2002.0, Needs Renovation,12.86,-1975415.91
P10220,9.0,Studio,184.0,1.0,8.0,1854.0,New,11.16,2198545.41
P10221,7.0,*Penthouse*,138.0,50.0,-4.5,1995.0,New,1.68,2301983.71
P10222,18.0,Studio,74.0,5.0,0.0,1963.0,Good,7.68,1386298.18
 P10223,7.0,Loft,76.0,5.0,2.0,1905.0,Renovated,10.1,39508318.199999996
P10224,19.0,STUDIO,54.0,3.0,0.0,1855.0,New,8.06,992191.39
P10225,7.0,Penthouse,94.0,4.0,8.0,1862.0,Good,12.64,1711456.19
P10226,12.0,Studio,103.0,5.0,5.0,1856.0,Renovated,13.28,1664653.99
P10227,1.0,  Studio  ,59.0,2.0,90.0,-1011.5,Renovated,2.37,801552.77
P10228,2.0,Apartment ,121.0,5.0,1.0,1949.0,Renovated,8.56,2047573.99
P10229,5.0,Loft,91.0,5.0,1.0,1862.0,NEW,9.45,-1975415.91
P10230,1.0,Penthouse,twelve,1.0,1.0,1937.0,Needs Renovation,12.37,39508318.199999996
P10231,16.0,Loft,84.0,3.0,9.0,1912.0,Renovated,6.19,1439116.13
P10232,6.0,Apartment,93.0,5.0,3.0,1997.0,Renovated,10.47,858400.86
P10233,16.0,NULL,-99.5,3.0,-4.5,1994.0,New,178.59,819715.55
P10234,13.0, Apartment,36.0,2.0,1.0,1899.0,New,14.86,320267.99
P10235,19.0,Apartment,1990.0,50.0,90.0,1974.0,Good,6.06,2523433.44
P10236,5.0,Penthouse,43.0,3.0,2.0,1907.0,NEEDS RENOVATION,0.51,767900.68
P10237,8.0,Apartment,188.0,-2.5,dieciocho,1948.0,Needs Renovation,7.05,3753512.87
P10238,20.0,Studio,53.0,50.0,3.0,1881.0,Needs Renovation,1.69,865181.9
P10239,15.0,Loft,98.0,3.0,0.0,1975.0,Renovated,2.69,1105353.2
P10240,19.0,Loft,106.0,5.0,na,1933.0,Renovated,6.27,-1975415.91
P10241,19.0,Apartment,199.0,5.0,0.0,1907.0,New,13.46,3941738.62
P10242,7.0,Studio,-99.5,2.0,0.0,1874.0,Renovated,10.87,39508318.199999996
P10243,3.0,Studio,32.0,4.0,7.0,1909.0,Good,3.19,437712.6
P10244,6.0,Apartment,159.0,5.0,treinta y dos,1980.0,Good,twelve,2753746.8
P10245 ,1.0,Loft,186.0,5.0,90.0,1980.0, Renovated,3.19,3523218.03
P10246,20.0,Loft,29.0,1.0,6.0,1866.0,Renovated,9.31,NULL
  P10247  ,2.0,Studio,98.0,4.0,8.0,1912.0,Renovated,9.95,1440693.3
[P10248],200.0,Loft,131.0,2.0,0.0,1921.0,New,7.24,2301762.91
P10249,8.0,Penthouse,78.0,2.0,5.0,-1011.5,Good,10.03,1073222.75
 P10250,14.0,Apartment,47.0,4.0,7.0,1860.0,Good,149.9,815835.96
P10251,5.0,Penthouse,102.0,1.0,8.0,1895.0,Good,2.57,1112263.1
P10252,veinte,Apartment,94.0,4.0,9.0,2017.0,Good,0.64,1544380.49
P10253,10.0,Penthouse,111.0,-2.5,8.0,2007.0,Needs Renovation ,0.98,1599610.62
P10254,4.0,Loft,1990.0,2.0,1.0,2015.0,Renovated,-7.495,1659200.31
P10255,13.0, Studio ,188.0,2.0,1.0,20230.0,Needs Renovation,2.93,3310123.59
P10256,15.0,Apartment,63.0,3.0,5.0,1858.0,New,149.9,597910.29
P10257,14.0,Penthouse,117.0,1.0,7.0,1921.0,Renovated,10.85,1931520.97
P10258,1.0,Apartment,1990.0,4.0,6.0,1933.0,Good,8.52,917578.58
P10259,19.0,Apartment,148.0,2.0,2.0,-,Renovated,8.13,2576086.61
P10260,19.0,  Apartment  ,120.0,3.0,6.0,1861.0,Good,2.81,2003750.25
P10261,200.0,Loft,59.0,3.0,6.0,1949.0, Good ,11.29,627203.5
P10262,6.0,Loft,133.0,5.0,2.0,1893.0,Needs Renovation,149.9,2115297.61
P10263 ,3.0,Loft,160.0,3.0,7.0,1954.0,Renovated,7.65,1718633.1
P10264,14.0,Penthouse,170.0,2.0,90.0,1946.0,Renovated,149.9,2182653.18
P10265,4.0,Studio,63.0,5.0,7.0,1997.0,Renovated,9.62,1053739.82
P10266,14.0,Loft,122.0,4.0,1.0,1945.0,Renovated,9.03,1715092.91
P10267	,13.0,Apartment,131.0,2.0,1.0,1928.0, New ,149.9,1813043.58
P10268,3.0,Penthouse,20.0,2.0,9.0,1974.0,Needs Renovation ,3.55,398112.0
P10269,11.0,Apartment,32.0,-2.5,2.0,1875.0,Needs Renovation,10.88,537515.4
P10270,17.0,Apartment,ocho horas,-2.5,1.0,1968.0,Needs Renovation	,NaN,NULL
P10271,14.0,Apartment,180.0,5.0,5.0,N/A,Needs Renovation ,6.37,2384277.24
P10272,17.0,Penthouse,28.0,1.0,6.0,1919.0,Needs Renovation,9.96,446640.75
	P10273	,-10.0,Apartment,103.0,1.0,2.0,-1011.5,Good,5.22,39508318.199999996
P10274,9.0,?,182.0,4.0,6.0,1896.0,Renovated,3.9,-1975415.91
P10275,15.0,Loft,24.0,3.0,9.0,1942.0,	 Good 	,5.39,319303.02
P10276,1.0,Studio,108.0,1.0,3.0,20230.0,Good,9.45,1422430.23
P10277,-10.0,Apartment,15.0,50.0,3.0,1877.0,*Needs Renovation*,1.03,150067.54
*P10278*,3.0,Studio,179.0,5.0,0.0,1969.0,New,12.18,2577983.62
P10279,15.0,[Apartment],170.0,4.0,3.0,1963.0,Good,14.81,2461407.91
P10280,16.0,Penthouse,51.0,-2.5,0.0,1968.0,Renovated,3.76,439638.46
P10281,14.0,Loft,73.0,5.0,cinco punto tres,-1011.5,Needs Renovation,2.65,-1975415.91
P10282,8.0,Loft,195.0,2.0,1.0,1899.0,Good,14.61,3818377.75
P10283,-10.0,studio,53.0,3.0,5.0,-1011.5,Good,2.32,734906.43
P10284,3.0,Penthouse,140.0,5.0,1.0,-1011.5,Needs Renovation,10.26,1361151.17
P10285,11.0, Apartment ,99.0,1.0,?,1854.0,New,14.47,1660225.42
 P10286,doce,Penthouse,189.0,-2.5,-51.75,2020.0,Needs Renovation,10.41,3012582.17
P10287,5.0,Loft,-,2.0,7.0,1896.0,Needs Renovation,8.77,-1975415.91
P10288,12.0, Penthouse,90.0,-2.5,3.0,1882.0,Needs Renovation,149.9,1725424.59
P10289,15.0,Penthouse,45.0,5.0,8.0,1939.0,Good,5.55,720164.62
P10290,8.0,[Loft],77.0,1.0,90.0,1862.0,Good,11.84,1416589.33
 P10291,14.0,Apartment,1990.0,1.0,1.0,na,Renovated,11.6,847147.72
P10292,16.0,Loft ,146.0,3.0,1.0,1990.0,Needs Renovation,12.07,2583346.09
P10293,5.0,Loft,97.0,50.0,90.0,1903.0,New,9.91,1727959.03
P10294,5.0,Penthouse,157.0,1.0,6.0,-1011.5, New,149.9,1946413.53
P10295,15.0,Apartment,74.0,5.0,-51.75,1884.0,Needs Renovation,3.8,990439.94
P10296,1.0,Studio,25.0,3.0,9.0,2023.0,Needs Renovation,7.76,250533.32
P10297,5.0,Apartment,99.0,2.0,1.0,2005.0,Needs Renovation,0.87,1922356.53
P10298,9.0,Penthouse,168.0,1.0,1.0,1897.0,Needs Renovation,8.91,2110474.37
P10299,3.0,Penthouse,58.0,4.0,6.0,?,Needs Renovation,11.33,887101.94
P10300,11.0,Loft,122.0,3.0,4.0,2000.0,New,6.75,1739086.77
P10301,20.0,Apartment,94.0,5.0,8.0,20230.0,Good,13.94,1764978.46
P10302,-10.0,Studio,29.0,4.0,5.0,1868.0,New,1.97,557183.74
	P10303	,14.0,Apartment,139.0,4.0,3.0,1876.0,	 Renovated	,13.98,1540303.31
	P10304	,15.0,Studio,170.0,-28.75,9.0,2013.0,Renovated,10.91,2545101.39
P10305,1.0,Apartment,1990.0,1.0,9.0,1938.0, Renovated,8.08,315531.25
P10306,2.0,Penthouse,21.0,4.0,6.0,-1011.5,*Renovated*,12.0,213722.46
P10307,12.0,Loft,56.0,4.0,5.0,1856.0,Good,dieciocho,733282.43
P10308,-10.0,Loft,186.0,5.0,6.0,1999.0,Good,12.38,treinta y dos
P10309,6.0,Studio,151.0,2.0,9.0,1971.0,New,5.73,1592225.25
P10310,N/D,Loft,-99.5,1.0,4.0,1917.0,Good,4.48,1995010.19
P10311,16.0,Studio,33.0,4.0,9.0,1938.0,Good,1.89,431800.35
P10312,-10.0,Penthouse,1838.12,n/a,1.0,1918.0,Needs Renovation,2.94,2388975.76
P10313,9.0,Studio ,122.0,2.0,4.0,1999.0,Needs Renovation,149.9,-1975415.91
P10314,10.0,*Studio*,157.0,3.0,9.0,1927.0,New,9.66,2399765.16
P10315,15.0,Penthouse,199.0,1.0,2.0,1856.0,Renovated,149.9,3950831.82
P10316,14.0,Penthouse,81.0,50.0,-4.5,2018.0,Needs Renovation,10.54,1064210.03
P10317,10.0,Studio,38.0,4.0,3.0,1951.0,Needs Renovation ,8.89,677330.42
	P10318	,16.0, Apartment ,181.0,5.0,-4.5,1946.0, New,9.14,1620498.87
P10319,13.0,Penthouse,87.0,1.0,8.0,1862.0,Renovated,8.03,932629.28
P10320,10.0,Apartment,1990.0,4.0,4.0,1857.0,Needs Renovation,13.26,2535016.05
P10321,9.0,Apartment ,1990.0,3.0,9.0,1852.0,New,3.26,921311.58
*P10322*,20.0,  Loft  ,144.0,4.0,90.0,twenty,needs renovation,11.09,2295658.12
P10323,8.0,PENTHOUSE,44.0,-2.5,9.0,1885.0,needs renovation,149.9,39508318.199999996
P10324,7.0,Penthouse,45.0,1.0,9.0,2007.0,Good,7.03,452058.09
P10325,200.0,Apartment,158.0,4.0,7.0,1852.0,Renovated	,N/A,1922995.61
P10326,15.0,PENTHOUSE,37.0,4.0,5.0,1854.0,Renovated,149.9,728529.1
P10327,5.0, Loft ,122.0,1.0,4.0,1933.0,Renovated,149.9,-1975415.91
P10328,11.0,Loft,46.0,1.0,5.0,20230.0,Good,2.21,703884.5
P10329,7.0,Studio ,1990.0,2.0,8.0,1934.0,Renovated,5.52,1996515.51
P10330,17.0,Penthouse,89.0,3.0,6.0,2003.0, Needs Renovation ,9.21,1135976.26
P10331,9.0,Loft,69.0,3.0,5.0,20230.0,Renovated,-7.495,1203036.49
P10332,11.0,Apartment,26.0,1.0,-51.75,2022.0,Needs Renovation,6.02,-1975415.91
P10333,3.0,* Studio*,172.0,3.0,3.0,1863.0,  Good  ,1.67,3006622.82
P10334,13.0, Apartment,163.0,3.0,1.0,2012.0,  New  ,5.52,1643413.95
P10335,13.0,Apartment,34.0,2.0,veinte,1874.0,Renovated,7.45,533516.61
  P10336  ,18.0,Apartment,47.0,50.0,0.0,1959.0,Needs Renovation,13.52,717993.21
P10337,12.0,	Penthouse	,139.0,4.0,8.0,1983.0,Needs Renovation,149.9,1950280.22
P10338,200.0,Apartment,131.0,2.0,1.0,1874.0,Good,NaN,1155166.87
P10339,16.0,Apartment,1990.0,4.0,NULL,1995.0,Renovated,4.53,3238967.83
P10340,20.0,Studio	,148.0,5.0,1.0,1909.0,New,5.79,40550855.08
P10341,15.0,Penthouse,?,3.0,1.0,veinte,Needs Renovation,3.57,664798.19
P10342,4.0,Studio,140.0,3.0,7.0,1932.0,New,2.97,2387145.95
P10343,2.0,Penthouse	,163.0,1.0,2.0,1856.0,Needs Renovation,10.54,2834953.46
P10344 ,4.0,Apartment,2045.1,NaN,-4.5,1866.0,Good,3.87,1731408.58
P10345,18.0,Studio,138.0,4.0,3.0,1973.0,Needs Renovation,-7.495,1391734.3
P10346,15.0,Penthouse,192.0,5.0,2.0,1856.0,Needs Renovation,8.12,3578736.11
P10347,19.0,Studio,28.0,5.0,4.0,1979.0,Needs Renovation,2.44,354058.46
P10348,4.0,	Loft	,163.0,5.0,9.0,1969.0,Needs Renovation,8.26,2791126.89
P10349,9.0, Apartment,79.0,5.0,1.0,1931.0,Renovated,1.44,643490.49
P10350,7.0,apartment,174.0,4.0,0.0,1988.0,Needs Renovation,149.9,2167501.09
P10351,8.0,Penthouse,66.0,5.0,-4.5,1883.0,New,5.21,914686.98
P10352,12.0,Penthouse,96.0,3.0,3.0,2006.0,[New],7.16,1201023.3
	P10353	,13.0,?,35.0,2.0,8.0,1866.0,Good,10.05,654675.57
P10354,4.0,Loft,NULL,1.0,0.0,1859.0,	New	,13.99,3240308.08
P10355,7.0,Apartment,1990.0,4.0,1.0,1857.0,New ,13.48,547624.62
P10356 ,11.0,Studio	,191.0,1.0,7.0,2022.0,Good,2.68,1680766.48
P10357,19.0,Studio,174.0,4.0,4.0,1857.0,New,1.1,2461519.37
P10358,18.0,Studio,-99.5,3.0,2.0,20230.0,Good,2.03,-1975415.91
P10359,8.0,  Penthouse  ,31.0,50.0,nueve,1907.0,Good,7.2,-1975415.91
P10360,-10.0,Apartment,153.0,4.0,6.0,1877.0,Renovated,5.65,39508318.199999996
P10361,5.0,Studio,19.0,5.0,7.0,1913.0,Renovated,6.65,302549.02
P10362,6.0,Apartment,125.0,4.0,7.0,1953.0,New,9.56,2348351.24
P10363,5.0,Apartment	,192.0,3.0,3.0,1927.0,  Renovated  ,-86.19,1815674.31
P10364,8.0,Penthouse,136.0,2.0,3.0,1989.0,New,7.38,1613855.7
P10365,6.0,STUDIO,16.0,5.0,1.0,1860.0,New,1.13,239825.15
P10366,5.0,Loft,31.0,2.0,8.0,1908.0,New,ocho horas,331557.01
P10367,3.0,Loft,128.0,44.56,4.0,2021.0,Needs Renovation,3.36,1393704.01
P10368,12.0,Apartment,188.0,1.0,2.0,1971.0,Needs Renovation,12.33,2960949.19
P10369,17.0,Studio,133.0,1.0,90.0,1998.0,New,11.45,1476456.87
P10370,17.0,Penthouse,163.0,4.0,5.0,1999.0,Needs Renovation,14.78,1409346.65
P10371,1.0,Apartment,1990.0,4.0,90.0,1851.0,Needs Renovation,2.41,306651.05
P10372,-10.0,*Loft*,194.0,3.0,2.0,2000.0,New,149.9,3798822.04
P10373,16.0,Loft,36.0,3.0,0.0,20230.0,New,4.81,615535.92
P10374,3.0,Penthouse,33.0,5.0,8.0,1977.0,Good,6.79,301127.74
P10375,3.0,Studio,150.0,2.0,7.0,1978.0,Renovated,11.25,2204476.19
P10376,20.0,Penthouse,17.0,1.0,2.0,1913.0,Needs Renovation,12.1,192692.03
P10377,N/A,Penthouse,1990.0,5.0,6.0,2004.0,Needs Renovation,10.47,403124.53
P10378,17.0,Loft,126.0,5.0,3.0,1935.0,New,12.8,39508318.199999996
P10379,4.0,Studio,72.0,4.0,8.0,2011.0,Needs Renovation,11.5,1220313.99
P10380,15.0,Studio,na,3.0,6.0,1919.0,RENOVATED,13.21,580555.98
P10381,N/A,Loft,115.0,2.0,3.0,1869.0,Needs Renovation,11.82,39508318.199999996
P10382,14.0,Apartment,168.0,5.0,5.0,1952.0,Renovated,0.55,2680692.68
[P10383],14.0,Penthouse,?,4.0,3.0,20230.0,Renovated,9.03,529143.23
P10384,12.0,Studio,18.0,5.0,7.0,1929.0,  Needs Renovation  ,3.77,282742.31
P10385,-115.0,Apartment,146.0,2.0,2.0,2008.0,New,0.83,2218094.43
P10386,3.0,Loft,161.0,1.0,2.0,1999.0,New,10.58,2517699.94
P10387,12.0,Studio,90.0,2.0,3.0,1868.0,New,6.88,1484295.41
P10388,19.0,Penthouse,108.0,1.0,1.0,1912.0,RENOVATED,149.9,1426489.1
P10389,14.0,  Penthouse  ,61.0,-2.5,5.0,1894.0,Needs Renovation,3.02,1025006.79
P10390,-115.0,Penthouse,18.0,4.0,5.0,1896.0,Renovated,12.68,313700.75
P10391,12.0,Apartment,89.0,1.0,4.0,1910.0,Good,14.7,1726934.02
P10392,5.0,Loft,17.0,5.0,5.0,1930.0,Good,13.98,278851.4
P10393,4.0, Studio,65.0,-28.75,2.0,1895.0,Renovated,3.77,563786.16
P10394,4.0,Penthouse,83.0,5.0,3.0,1898.0,  Good  ,6.81,39508318.199999996
P10395,14.0,Apartment,19.0,4.0,3.0,1975.0,Renovated,11.06,-1975415.91
P10396,1.0,Studio,177.0,1.0,3.0,1919.0,Renovated,1.33,3073172.55
P10397,10.0,Penthouse,188.0,4.0,8.0,20230.0,Renovated,13.88,1800324.26
P10398,-10.0,Studio,50.0,5.0,9.0,2007.0,Good,1.03,441374.81
P10399,19.0,Loft,149.0,3.0,7.0,1987.0,New,4.44,1684794.86
P10400,5.0,Apartment,196.0,2.0,5.0,1893.0,New,2.77,five point two
P10401,17.0,Studio,2362.63,3.0,9.0,1956.0,Needs Renovation,2.52,1732864.01
P10402,14.0,Loft,192.0,1.0,5.0,1976.0,Renovated,149.9,3314360.2
P10403,6.0,Penthouse,174.0,3.0,6.0,1998.0,Renovated,1.26,3403567.58
*P10404*,NaN,Apartment,134.0,1.0,4.0,1931.0,New,2.6,1867125.66
*P10405*,5.0,Studio,1990.0,2.0,0.0,1996.0,New,4.98,1039723.13
P10406,3.0,Penthouse,99.0,4.0,8.0,2010.0,Needs Renovation,2.69,1207213.57
P10407,14.0, Studio,141.0,-2.5,5.0,1882.0,Needs Renovation	,8.09,1278317.69
P10408,14.0,*Penthouse*,75.0,5.0,9.0,20230.0,Good,1.48,-1975415.91
P10409,17.0,Apartment,100.0,1.0,5.0,1947.0,Renovated,7.53,1452245.86
P10410,14.0,Apartment,99.0,5.0,8.0,1915.0,Renovated,1.91,twenty
P10411,19.0,Loft,158.0,50.0,5.0,1925.0,[Renovated],146.88,2498245.69
P10412,2.0,Studio,182.0,4.0,2.0,1912.0,Needs Renovation,7.71,2233445.85
P10413,20.0,Apartment,46.0,5.0,3.0,1959.0,New,11.43,458917.91
P10414,7.0,Penthouse,157.0,5.0,3.0,1941.0,Good,null,2498741.73
  P10415  ,5.0,Penthouse,139.0,1.0,9.0,1962.0,Renovated,0.89,2046384.01
P10416,186.44,Apartment,167.0,ocho horas,0.0,1891.0,GOOD,7.72,3158077.29
P10417,16.0,Loft,20.0,4.0,1.0,2020.0,Good,-7.495,268407.24
P10418,5.0,Loft,65.0,3.0,90.0,1857.0,Good ,4.66,678937.84
P10419,17.0,Penthouse,55.0,4.0,7.0,1904.0,New,9.82,622451.52
P10420,13.0,*Apartment*,157.0,2.0,3.0,1861.0,Needs Renovation,2.91,1553586.89
P10421,1.0,Loft,94.0,3.0,1.0,1956.0,New,14.76,1161577.63
P10422,11.0,Loft,175.0,4.0,7.0,1950.0,Needs Renovation,11.12,1824232.9
P10423,200.0,Penthouse	,190.0,3.0,,1959.0,  New  ,1.71,2234009.35
P10424,13.0,Apartment,46.0,1.0,-51.75,1865.0,Renovated,14.83,811589.15
P10425 ,6.0,Loft,-99.5,5.0,1.0,1853.0,Renovated,14.96,1969849.92
P10426,3.0,Loft,73.0,3.0,2.0,1946.0,New,0.93,1185690.23
P10427,8.0,Loft,162.0,2.0,4.0,1858.0,Needs Renovation,12.38,1703759.73
P10428,17.0,Apartment,192.0,3.0,8.0,1988.0,Needs Renovation,13.57,3286077.87
P10429,10.0,	apartment	,122.0,4.0,null,1980.0,Good,13.26,1435785.0
P10430,11.0,Studio,44.0,2.0,7.0,2010.0,renovated,3.98,481011.49
P10431,17.0,Apartment,194.0,2.0,1.0,1907.0,Needs Renovation ,149.9,2362007.61
P10432,12.0,Loft ,-99.5,1.0,-4.5,1882.0,Good ,2.33,669602.71
P10433,200.0,Apartment,30.0,2.0,7.0,2005.0,-,10.38,357037.45
P10434,9.0,Studio,162.0,4.0,6.0,1936.0,Good,1.62,3223947.65
P10435,20.0,Apartment ,81.0,4.0,5.0,1992.0,New,3.58,1490127.69
P10436,6.0,Loft,71.0,5.0,3.0,1991.0,Good ,13.6,915877.0
P10437,19.0,Loft,159.0,1.0,1.0,1964.0,Renovated,13.65,2776357.53
P10438,200.0,Studio,165.0,3.0,7.0,1895.0,[Needs Renovation],7.18,1539759.15
  P10439  ,3.0,Loft,114.0,5.0,2.0,1996.0,Needs Renovation,14.66,1659814.77
[P10440],10.0, Apartment ,92.0,3.0,-4.5,2017.0,New,149.9,1202493.46
P10441,12.0,Apartment,168.0,1.0,90.0,20230.0,Renovated,11.43,1933111.95
P10442,15.0,Loft,42.0,4.0,8.0,1973.0,New,12.53,830826.54
P10443,2.0,Penthouse,33.0,4.0,5.0,1910.0,Renovated,1.49,308581.83
P10444,N/D,Apartment,44.0,1.0,7.0,1901.0,Needs Renovation,4.87,358549.33
P10445,15.0,Apartment,67.0,3.0,8.0,1917.0,NEEDS RENOVATION,13.22,717986.6
P10446,19.0,Studio,16.0,1.0,5.0,2018.0, ,14.84,191438.34
P10447,20.0,PENTHOUSE,197.0,5.0,2.0,1860.0,Good,14.93,39508318.199999996
P10448,-10.0,Loft,64.0,-2.5,4.0,1897.0,New,12.55,39508318.199999996
P10449,200.0,studio,186.0,1.0,8.0,1986.0,Good,10.2,3134246.75
P10450,2.0,Studio,79.0,5.0,7.0,1925.0,Needs Renovation,13.7,1290339.03
P10451,-10.0, Studio,188.0,null,-4.5,1942.0,Renovated,2.97,2272880.22
P10452,12.0,Penthouse ,35.0,3.0,8.0,2006.0,Needs Renovation,9.77,39508318.199999996
P10453,14.0,Penthouse,69.0,50.0,90.0,1925.0, New,7.57,638298.14
P10454,11.0,Apartment,100.0,4.0,1.0,20230.0,Renovated,11.28,-22717282.96
*P10455*,4.0,Loft,15.0,1.0,5.0,1876.0,Renovated,2.53,120525.79
P10456,9.0,Studio,138.0,2.0,0.0,1948.0,Renovated,3.34,2712858.14
P10457,3.0,studio	,49.0,5.0,0.0,1990.0,Renovated,8.29,670881.59
P10458,10.0,Loft,63.0,1.0,3.0,1973.0,  Good  ,4.63,669616.02
P10459,-10.0,Apartment,53.0,5.0,90.0,20230.0,Renovated,five point two,702910.48
P10460,18.0,Loft,1990.0,NaN,0.0,1937.0,Renovated,8.21,262539.2
P10461,5.0,	Apartment	,73.0,1.0,2.0,1988.0,Needs Renovation ,149.9,609989.36
P10462,17.0,Penthouse,-99.5,50.0,2.0,1925.0,New,13.29,-1975415.91
P10463,12.0,Penthouse,123.0,4.0,-4.5,1894.0,Good,10.92,1979721.19
P10464,7.0,Penthouse,22.0,1.0,6.0,2007.0,Needs Renovation,4.24,344009.96
P10465,7.0,Studio,191.0,4.0,1.0,1917.0,Good,6.07,3101664.08
P10466,5.0,LOFT,141.0,4.0,2.0,2005.0, Renovated,8.47,1752437.71
P10467,4.0,Apartment,127.0,1.0,2.0,1992.0,Renovated,11.37,1632061.35
P10468,20.0,Studio,1990.0,5.0,1.0,1900.0,Needs Renovation,9.11,
P10469,5.0,Penthouse ,24.0,2.0,8.0,1970.0,Good,2.74,231994.94
P10470,20.0,Studio,17.0,4.0,4.0,1851.0,Needs Renovation,8.18,266126.93
P10471,2.0,Loft,1766.75,-2.5,-4.5,1914.0,Renovated,1.72,1180369.5
P10472,8.0,Loft,115.0,5.0,8.0,1872.0,Renovated,12.34,2035071.23
P10473,200.0,Studio,52.0,4.0,1.0,2013.0,Good,10.26,657732.97
P10474	,NaN,Loft,1990.0,1.0,9.0,1879.0,Good,6.97,1552876.34
P10475,12.0,Loft,112.0,50.0,8.0,1912.0,Needs Renovation,1.93,-1975415.91
P10476,10.0,APARTMENT,89.0,2.0,5.0,1949.0,Needs Renovation,6.2,39508318.199999996
P10477,6.0,Studio,166.0,2.0,4.0,1856.0,Good,2.57,ocho horas
P10478 ,9.0,Apartment,-99.5,50.0,3.0,1868.0,Needs Renovation,0.87,850537.07
P10479,12.0,Apartment,160.0,4.0,0.0,1962.0,New,10.32,1292883.95
P10480,200.0,Apartment,83.0,-2.5,7.0,1914.0,Good,2.03,1502356.47
P10481,9.0,Loft,127.0,5.0,7.0,1937.0,NEEDS RENOVATION,7.83,2497366.49
P10482,14.0,Apartment,89.0,5.0,5.0,-1011.5,Good,6.13,-1975415.91
P10483,15.0,Penthouse,65.0,2.0,4.0,1879.0,New,2.39,-1975415.91
*P10484*,14.0,Apartment,136.0,5.0,4.0,1884.0,Needs Renovation,13.38,1692487.88
P10485,17.0,Penthouse,32.0,-2.5,null,1994.0,Good,6.09,465426.35
P10486,13.0,Apartment	,36.0,4.0,8.0,20230.0,	Renovated	,8.22,711407.08
P10487,8.0,  Apartment  ,123.0,5.0,2.0,1980.0,Renovated,4.88,2214467.34
P10488,4.0,Penthouse,174.0,5.0,0.0,20230.0,Renovated ,5.47,1798374.57
P10489,200.0,Apartment,35.0,4.0,3.0,1978.0,Renovated,8.92,628889.17
P10490,16.0,Studio,n/a,5.0,1.0,1988.0,Needs Renovation,3.51,39508318.199999996
P10491,15.0,Apartment,1990.0,3.0,7.0,2001.0,New,9.5,575477.09
P10492,1.0,Penthouse,179.0,5.0,89.29,20230.0,Good,10.81,1749869.95
P10493,5.0,Loft,nueve,-28.75,4.0,20230.0,New,149.9,1265677.85
P10494,10.0,Studio,187.0,4.0,5.0,1988.0,Renovated,8.47,1581230.63
P10495,4.0,Apartment,19.0,1.0,8.0,20230.0,[Good],149.9,307212.34
P10496,14.0,Loft,84.0,1.0,9.0,1897.0,New,-86.19,twenty
P10497,4.0,Loft,66.0,2.0,0.0,2000.0,New,6.1,917203.2
P10498,17.0,Studio,193.0,5.0,90.0,1941.0,Good,12.5,3815392.32
P10499,-10.0,Loft,18.0,5.0,8.0,1921.0,New,12.88,246920.41
P10500,20.0,Penthouse,95.0,1.0,nueve,1996.0,new,5.02,1725544.49
P10501,19.0, Penthouse ,81.0,3.0,6.0,1963.0,Good,-7.495,677927.93
P10502,3.0,Penthouse,107.0,3.0,9.0,1891.0,New,9.67,doce
  P10503  ,17.0,Apartment,-1144.25,4.0,7.0,1884.0,Needs Renovation,3.56,617863.63
P10504,16.0,Apartment,71.0,3.0,7.0,1875.0,needs renovation,12.51,1418143.37
P10505,12.0,apartment,85.0,3.0,8.0,1886.0,New,11.24,1432626.91
P10506,200.0,Apartment,51.0,5.0,4.0,na,Renovated,12.23,-1975415.91
P10507,N/D,Apartment,15.0,4.0,7.0,1872.0,Renovated,-7.495,246006.17
*P10508*,doce,Apartment,-99.5,4.0,5.0,1924.0,Renovated,twelve,-22717282.96
P10509,18.0,Penthouse,17.0,4.0,1.0,1894.0,Good,14.35,253716.3
P10510,200.0,Loft,137.0,2.0,6.0,2011.0,Good ,12.02,1222361.25
[P10511],5.0,Apartment	,158.0,4.0,9.0,N/A, Good,10.17,1539292.59
P10512,2.0,Penthouse,-99.5,-2.5,2.0,-1011.5,Good,-,3176419.99
P10513,2.0,Studio,134.0,50.0,6.0,1902.0,New,149.9,1107419.29
P10514,11.0,apartment,159.0,1.0,4.0,1996.0, Needs Renovation,5.69,1690374.72
P10515,18.0,Loft,71.0,1.0,0.0,1872.0,Renovated,13.07,672728.42
P10516,-10.0,Studio,-99.5,-28.75,5.0,1901.0,  Renovated  ,9.74,1571432.18
P10517,12.0,Apartment,-99.5,2.0,3.0,1902.0,Renovated,12.16,2120631.24
P10518,9.0,Apartment,36.0,4.0,6.0,1857.0,Renovated,4.44,349722.42
P10519,14.0,Loft,133.0,2.0,1.0,20230.0,Needs Renovation,1.29,1277590.07
P10520,13.0,Penthouse,63.0,50.0,9.0,1942.0,Good,1.18,504101.83
P10521,16.0,Loft,110.0,1.0,1.0,1857.0,Renovated,0.56,962750.3
P10522,17.0,Penthouse,83.0,50.0,8.0,five point two,New,2.38,1401940.44
P10523,14.0,Apartment,151.0,3.0,-4.5,1949.0,Needs Renovation,13.65,2778184.94
P10524,20.0,Studio,65.0,5.0,5.0,-1011.5,Renovated,14.08,849459.93
P10525,11.0,Apartment	,193.0,5.0,6.0,2006.0,New,6.12,1812708.53
P10526,11.0,Penthouse,134.0,50.0,4.0,1998.0,Renovated,13.19,39508318.199999996
P10527,15.0,Loft,-1144.25,1.0,0.0,1874.0,Good,4.82,1304246.38
P10528,15.0,Penthouse,35.0,4.0,4.0,1891.0,Needs Renovation,2.02,608366.02
P10529,2.0,Penthouse,62.0,4.0,2.0,1896.0,[Needs Renovation],2.11,-22717282.96
	P10530	,-10.0,Apartment,119.0,4.0,1.0,1990.0,New,6.53,2178590.15
P10531,13.0,Penthouse,144.0,1.0,5.0,1949.0,Good,10.33,2287906.82
	P10532	,-10.0,Studio,187.0,5.0,7.0,1857.0,Needs Renovation,9.95,2158656.52
P10533,2.0,Studio,32.0,3.0,4.0,1877.0,New,10.84,377200.9
P10534	,8.0,Penthouse	,196.0,1.0,2.0,1862.0,New ,1.34,39508318.199999996
P10535,13.0,Apartment,132.0,2.0,4.0,1923.0,Good,0.71,39508318.199999996
P10536,15.0,Penthouse,179.0,50.0,3.0,1991.0,NEEDS RENOVATION,6.5,1473515.75
P10537,15.0,Apartment,167.0,3.0,0.0,1861.0,Good,9.13,2146196.65
P10538,17.0,apartment,38.0,5.0,,n/a,Needs Renovation,8.03,515627.39
P10539,11.0, Loft,79.0,4.0,0.0,1953.0,Good,2.41,1063263.11
P10540,4.0,Apartment,41.0,5.0,8.0,2011.0,* New *,3.14,365581.39
P10541,16.0,Loft ,-99.5,50.0,6.0,1856.0,Needs Renovation ,5.55,1803145.03
[P10542],9.0, Loft ,140.0,4.0,4.0,1984.0,Needs Renovation,149.9,1122274.09
P10543,7.0, Penthouse,65.0,1.0,7.0,1894.0,Needs Renovation ,6.27,946631.34
P10544,7.0,Apartment,1990.0,3.0,1.0,2005.0,Good,7.36,2412157.28
P10545,3.0,Loft,138.0,4.0,9.0,1953.0,Good,14.17,1199790.41
P10546,15.0, Studio,147.0,4.0,5.0,1866.0,Renovated,3.77,-1975415.91
P10547,12.0,Apartment,120.0,44.34,90.0,1894.0,Renovated,149.9,1856275.64
P10548,10.0, Studio,195.0,4.0,0.0,1898.0,Good,14.24,2468307.75
P10549,-115.0,Studio,116.0,4.0,8.0,2023.0,N/A,1.4,1678027.71
P10550,7.0,Studio,128.0,5.0,8.0,N/A,[Good],6.53,1787871.92
P10551,16.0,Apartment,-99.5,3.0,9.0,1870.0,*Renovated*,14.45,3083950.74
P10552,18.0,Studio ,148.0,2.0,2.0,1855.0,Needs Renovation,6.96,2155222.72
P10553,18.0,Studio,186.0,5.0,0.0,1924.0,New,12.0,1599553.19
P10554,3.0,Penthouse,25.0,4.0,8.0,1865.0,Needs Renovation,9.73,397734.13
P10555,16.0,Loft,62.0,3.0,8.0,1925.0,Needs Renovation,treinta y dos,1225970.94
  P10556  ,200.0,Apartment,103.0,2.0,6.0,1951.0,Good,9.52,-1975415.91
P10557,11.0,Apartment,-99.5,4.0,-4.5,nueve, Renovated ,14.42,3016053.52
P10558,-10.0,Penthouse,94.0,-2.5,7.0,20230.0,Good,12.89,39508318.199999996
P10559,18.0,Studio,110.0,4.0,-4.5,2020.0,Good,10.17,1206489.22
P10560,14.0,Apartment,98.0,2.0,5.0,1893.0,New,0.68,1691433.25
P10561,17.0,Studio,88.0,4.0,9.0,2020.0,[Renovated],N/A,1081022.99
P10562,200.0,Studio,184.0,-,6.0,1940.0,Renovated,-7.495,1864776.98
P10563 ,8.0,penthouse,169.0,1.0,9.0,1858.0,  Renovated  ,2.73,2168806.2
P10564,3.0,Penthouse,169.0,2.0,8.0,1942.0, Good,7.48,3366321.17
P10565,18.0,Penthouse,81.0,4.0,2.0,1948.0,Good,14.29,736181.49
P10566,10.0,Apartment,105.0,2.0,1.0,2022.0, Good ,4.14,1289972.66
P10567,seven,Studio,195.0,3.0,0.0,?,Good,13.58,2532513.12
P10568,20.0,Penthouse,168.0,cinco punto tres,6.0,1859.0,New,12.68,3308334.43
P10569,-10.0, Apartment,-99.5,1.0,0.0,1994.0,New,2.65,590938.31
P10570,19.0,Penthouse,183.0,5.0,-4.5,1998.0,Good,7.99,2411311.9
P10571,19.0,Loft,40.0,3.0,6.0,1896.0,New,13.6,455598.11
P10572,16.0,Penthouse,168.0,5.0,3.0,1872.0,Renovated,7.41,2189607.16
  P10573  ,16.0,Studio,157.0,2.0,7.0,1890.0,Needs Renovation,4.79,1641617.33
P10574,10.0,Loft,126.0,4.0,3.0,1971.0,*New*,184.35,1969696.21
P10575,2.0,Studio,179.0,1.0,7.0,1876.0,Needs Renovation,12.62,2311417.13
P10576,14.0, Loft,178.0,2.0,7.0,1853.0,Needs Renovation,149.9,3077063.69
P10577,7.0,Penthouse,199.0,1.0,7.0,-1011.5,good,6.67,2879357.79
P10578,11.0,Penthouse,83.0,5.0,8.0,1903.0,Renovated,5.75,1426484.56
P10579,13.0,Studio,1990.0,2.0,6.0,2015.0,Renovated,0.65,738877.33
P10580,17.0,Apartment,17.0,3.0,90.0,1925.0,-,3.75,146587.79
P10581,8.0,Loft,178.0,1.0,6.0,1907.0,New,-7.495,3236236.61
P10582,9.0,Loft,1990.0,1.0,2.0,1975.0,Good,5.39,39508318.199999996
P10583,5.0,Apartment,61.0,4.0,7.0,20230.0,*good*,6.2,1208916.35
P10584,10.0,Loft,163.0,1.0,6.0,1880.0, Renovated ,11.43,-1975415.91
P10585,-10.0,Studio,46.0,3.0,8.0,1988.0,[Renovated],9.61,516498.85
P10586,19.0,Penthouse,31.0,seven,8.0,1972.0,Good,11.51,601105.61
P10587,6.0,Loft,116.0,1.0,8.0,20230.0,Needs Renovation,5.85,1643285.41
P10588,16.0,Penthouse,141.0,2.0,6.0,1972.0,Needs Renovation,12.15,-1975415.91
P10589,1.0,Apartment,165.0,50.0,8.0,1930.0,Needs Renovation,0.95,2763382.5
P10590,17.0,Loft,1990.0,5.0,5.0,20230.0,Good,10.14,1776206.3
P10591,7.0,Penthouse,?,N/A,6.0,1914.0,New,5.02,279038.65
P10592,2.0,APARTMENT,29.0,4.0,-4.5,1995.0,Needs Renovation,0.73,39508318.199999996
P10593,20.0,Loft,57.0,4.0,9.0,1882.0,Renovated,149.9,541077.86
P10594,18.0,Apartment,146.0,3.0,5.0,1970.0,New,149.9,2045905.97
P10595,14.0,Studio,182.0,3.0,4.0,1876.0,Renovated,7.49,2394237.54
P10596,12.0,Loft,1990.0,3.0,9.0,-1011.5,Renovated,177.7,524599.35
	P10597	,2.0,Loft,186.0,2.0,2.0,20692.91,New,12.05,n/a
P10598,19.0,Studio,21.0,na,6.0,1932.0,Renovated,9.61,382371.43
P10599,18.0,Penthouse,86.0,4.0,4.0,1924.0,New,3.28,880895.7
P10600,13.0,penthouse,154.0,1.0,4.0,1906.0,Renovated,13.23,2959869.71
P10601,20.0,STUDIO,83.0,3.0,1.0,1961.0,Good,5.34,1018431.34
P10602,4.0,Loft,137.0,2.0,6.0,1882.0,Renovated,9.81,1433679.92
P10603,11.0, Penthouse,196.0,3.0,7.0,1997.0,Good,4.53,3414952.24
 P10604,7.0,Loft,1809.44,-2.5,7.0,1911.0,New,8.02,39508318.199999996
P10605,2.0,Apartment,twenty,50.0,4.0,2005.0,Good,6.35,609091.67
P10606,11.0,Loft,96.0,2.0,0.0,1920.0,Needs Renovation,4.33,1438675.08
P10607,5.0,Studio,24.0,2.0,1.0,1973.0,GOOD,8.47,331115.43
P10608,20.0,Penthouse,1990.0,2.0,6.0,2006.0,Good,13.92,2743856.35
P10609,13.0, NULL,34.0,3.0,3.0,1957.0,Renovated,-7.495,447592.9
P10610,17.0,Loft,125.0,2.0,1.0,1999.0,Renovated,14.49,1401103.04
P10611,200.0,Apartment,41.0,2.0,5.0,1949.0,Renovated,4.12,39508318.199999996
	P10612	,11.0,Apartment,16.0,-2.5,-51.75,2003.0,Needs Renovation,7.01,161423.68
P10613,19.0,Penthouse,67.0,3.0,4.0,1972.0, Good ,11.7,1128174.32
P10614,20.0,Loft,114.0,2.0,0.0,1962.0,needs renovation,6.09,1423022.97
P10615,19.0,Studio,21.0,1.0,2.0,1978.0,	New	,3.7,304581.5
P10616,19.0,Loft,87.0,5.0,5.0,20230.0,Good,1.98,1340407.98
P10617,17.0,Loft,128.0,3.0,90.0,1934.0,Good,13.76,1689983.17
P10618,8.0,Apartment	,170.0,-2.5,8.0,2004.0,[New],?,-1975415.91
P10619,7.0,Apartment,106.0,1.0,8.0,2019.0,NEEDS RENOVATION,10.66,1543626.23
P10620,11.0,Loft,182.0,1.0,3.0,1896.0,Good ,-7.495,3243319.13
P10621,14.0,Studio,124.0,5.0,1.0,1889.0,Needs Renovation,5.65,1106792.01
P10622,17.0,Loft,1990.0,3.0,0.0,1924.0,New,149.9,veinte
	P10623	,5.0,Studio,108.0,-2.5,2.0,2013.0,Renovated,14.02,2010913.74
P10624,16.0,Loft,91.0,3.0,0.0,1969.0,Renovated,14.82,1401527.7
P10625,6.0,Loft,-99.5,3.0,0.0,1922.0,*Renovated*,3.49,379476.03
P10626,18.0,Penthouse,121.0,1.0,0.0,1886.0,Renovated,10.16,1452397.06
P10627,20.0,Loft,70.0,3.0,9.0,1956.0,Good,9.75,941650.16
P10628,8.0,Penthouse	,182.0,4.0,4.0,1928.0,Renovated,1.43,-1975415.91
P10629,8.0,Penthouse,-99.5,3.0,3.0,1984.0,Renovated,1.31,1700848.22
P10630,7.0,Loft,68.0,4.0,0.0,1904.0,Renovated,10.84,715383.95
 P10631,16.0,Penthouse,180.0,2.0,-4.5,1887.0,good,149.9,2322958.88
P10632,10.0,Apartment,171.0,-2.5,90.0,1958.0,Needs Renovation,12.48,2981943.93
P10633,13.0,Penthouse,97.0,3.0,doce,1989.0,Good,149.9,1714003.04
P10634,10.0,Apartment,70.0,doce,4.0,1910.0,Renovated,5.63,1009865.2
P10635,3.0,Penthouse,66.0,1.0,90.0,1945.0,Needs Renovation,11.9,1183868.53
P10636,9.0,Loft,124.0,2.0,9.0,1888.0,Good ,3.86,39508318.199999996
P10637,7.0,Penthouse,127.0,5.0,5.0,1958.0,Renovated	,7.8,2393023.07
P10638,5.0,Apartment,164.0,1.0,-4.5,1936.0,Good,12.65,3002151.41
P10639,8.0,Apartment,172.0,1.0,8.0,1878.0,Good,7.16,1403350.13
P10640,8.0,Apartment,101.0,5.0,3.0,1961.0,New,-7.495,1682978.22
P10641,14.0,NaN,159.0,5.0,-4.5,1957.0,Needs Renovation,7.97,2643355.19
P10642,4.0,Studio,164.0,1.0,9.0,1971.0,Renovated ,5.64,1991412.55
P10643	,18.0,Studio,129.0,4.0,9.0,1877.0,renovated,137.93,1215306.48
P10644,seven,Apartment ,-,3.0,7.0,1921.0,Good,14.8,2177083.57
  P10645  ,10.0,Penthouse,151.0,1.0,2.0,1923.0,Renovated,6.47,1985247.13
P10646,2.0,Penthouse ,171.0,2.0,5.0,1978.0,Good,9.66,2040137.04
P10647,18.0,Apartment,190.0,5.0,4.0,1913.0,GOOD,14.03,3108310.18
P10648,14.0,Studio,treinta y dos,2.0,4.0,1875.0,New,13.49,749813.11
P10649,-10.0,*Loft*,21.0,2.0,4.0,1911.0,Good,-7.495,295966.88
P10650,10.0,Apartment,39.0,3.0,4.0,2009.0,New,10.86,533951.35
  P10651  ,10.0, Apartment,158.0,1.0,8.0,1969.0,Renovated,11.41,2650576.12
P10652,10.0,	Loft	,107.0,1.0,8.0,-1011.5,Needs Renovation,5.34,1978435.16
P10653,5.0,Loft,171.0,3.0,8.0,2022.0,Renovated,140.12,3051868.65
P10654,200.0,*Apartment*,153.0,5.0,8.0,1995.0,Renovated,13.58,1976281.24
P10655,6.0,Loft,62.0,2.0,5.0,1855.0,Renovated,nueve,545828.37
P10656,6.0,Apartment,199.0,4.0,3.0,1906.0,Renovated,14.73,3616851.79
P10657,10.0,Studio,-99.5,2.0,5.0,1928.0,	Good	,3.86,-1975415.91
P10658,20.0,Loft,137.0,2.0,2.0,1852.0,Needs Renovation,5.58,1623990.58
P10659,17.0,Penthouse,78.0,3.0,3.0,null,New,cinco punto tres,1285409.67
P10660,13.0,Apartment	,1990.0,3.0,1.0,1911.0,Good,-7.495,2604598.67
P10661,5.0,Loft,151.0,4.0,1.0,1910.0,NULL,2.0,2353163.49
P10662,8.0,Apartment,62.0,1.0,8.0,1907.0,Renovated,11.84,-1975415.91
P10663,13.0,Studio,187.0,2.0,2.0,1893.0,Needs Renovation,11.26,3198078.22
P10664,9.0, Penthouse,85.0,4.0,90.0,-11632.25,Renovated,2.8,878874.7
P10665,19.0,Apartment,158.0,3.0,90.0,1885.0,Renovated,12.86,2085277.26
P10666,12.0,Studio,76.0,2.0,5.0,1865.0,New,3.43,887896.92
P10667,4.0,Loft,73.0,1.0,1.0,1943.0,Renovated,159.79,795554.55
*P10668*,6.0,Loft,152.0,4.0,0.0,1851.0,Renovated,2.44,2576254.16
P10669,200.0,Penthouse,129.0,-2.5,0.0,1977.0,Renovated,8.47,1729801.69
P10670,-10.0,Studio,180.0,3.0,0.0,2022.0,Good,149.9,2814568.45
 P10671,5.0,Loft,163.0,50.0,90.0,1984.0,Good,4.34,-1975415.91
P10672,15.0,Penthouse,195.0,4.0,6.0,1919.0,Needs Renovation,11.91,2639963.65
P10673,18.0,Loft,115.0,4.0,7.0,1850.0,Good,7.23,1428319.16
P10674,8.0,Apartment,36.0,5.0,2.0,1928.0,Needs Renovation,8.58,667808.25
P10675,17.0,Penthouse,2059.24,2.0,8.0,1905.0,New,3.42,39508318.199999996
P10676,192.61,Apartment,171.0,5.0,1.0,1857.0,New,4.11,39508318.199999996
P10677,200.0,Studio,196.0,5.0,3.0,1989.0,Good,5.24,39508318.199999996
P10678,6.0, Penthouse,45.0,3.0,9.0,1958.0,  Needs Renovation  ,7.25,795599.13
 P10679,4.0,Studio,109.0,5.0,81.18,1998.0,Needs Renovation,11.86,42433368.06
P10680,3.0,Loft,172.0,4.0,2.0,20230.0,New,0.71,2726561.9
P10681,15.0,Studio,166.0,2.0,3.0,2009.0,Needs Renovation,2.42,2734667.74
P10682,15.0,Apartment,1990.0,3.0,90.0,1974.0,Needs Renovation,9.01,1750976.65
P10683,10.0,Apartment,39.0,4.0,2.0,2020.0,New ,10.3,775637.85
P10684,9.0,Apartment,75.0,3.0,2.0,1936.0,Good,13.96,1120956.15
P10685,19.0,Apartment,124.0,2.0,4.0,1908.0,New,7.3,1500755.05
P10686,14.0,Penthouse,163.0,4.0,5.0,20230.0,New,7.19,-1975415.91
P10687,200.0,*Apartment*,180.0,1.0,1.0,2004.0,New,10.32,2528648.13
P10688,200.0,Apartment,134.0,3.0,4.0,1936.0,Renovated,10.52,1341110.11
P10689,14.0,PENTHOUSE	,103.0,1.0,5.0,1932.0,Good,11.34,910273.61
P10690,14.0,Penthouse,85.0,4.0,7.0,1999.0,Needs Renovation,7.1,-1975415.91
P10691,-10.0,Loft,2325.93,1.0,1.0,1997.0,  -  ,149.9,3411148.54
P10692,3.0, Studio,175.0,3.0,7.0,1967.0,Renovated,10.44,2869243.1
P10693,4.0,Studio,180.0,-2.5,9.0,-1011.5,Needs Renovation,13.28,2820309.46
P10694,17.0,Studio,80.0,5.0,1.0,1885.0,Good,1.64,1440440.27
P10695,1.0,Apartment,89.0,4.0,-4.5,1997.0,Renovated,0.96,1091059.54
P10696,15.0, Penthouse,54.0,2.0,3.0,1965.0,Needs Renovation,149.9,486798.37
P10697,8.0,Studio,1990.0,3.0,7.0,2004.0,Needs Renovation,11.19,1980539.01
P10698,12.0,Studio,102.0,1.0,-4.5,1886.0,Renovated,13.51,2036619.19
P10699,7.0,Apartment,133.0,1.0,4.0,1959.0,New,5.36,1806155.19
P10700,14.0,Apartment ,67.0,4.0,9.0,1943.0,Good,4.94,1192847.02
P10701,7.0,Apartment,25.0,2.0,9.0,1883.0,New,7.39,221310.47
P10702,20.0,Apartment,64.0,2.0,4.0,1933.0, Needs Renovation,14.61,569462.69
P10703,20.0,Apartment,140.0,1.0,7.0,1905.0,Good,2.76,null
P10704,2.0, Penthouse ,153.0,5.0,9.0,1888.0,	Needs Renovation	,5.8,1650881.0
P10705,8.0,Studio,178.0,5.0,3.0,1950.0,[New],149.9,2070095.21
P10706,5.0,Penthouse,18.0,2.0,90.0,20230.0,Good,4.43,218011.35
P10707,19.0,Penthouse,36.0,-2.5,4.0,1859.0,Renovated,-7.495,646263.75
P10708,8.0,Penthouse,166.0,3.0,-51.75,1994.0,Good,-7.495,1334256.68
P10709,17.0,Studio,71.0,2.0,1.0,1858.0,Needs Renovation,3.27,808195.02
P10710,10.0,	Penthouse	,103.0,2.0,nueve,1994.0,New,13.0,1648674.45
P10711,18.0,Studio,29.0,5.0,8.0,1889.0,Needs Renovation,5.89,576328.99
P10712,18.0,na,-99.5,5.0,5.0,1920.0,New,2.2,1622370.95
P10713,12.0,Loft,62.0,2.0,na,1938.0,Renovated,7.95,587685.04
P10714,14.0,Loft,155.0,5.0,4.0,1983.0, RENOVATED,8.73,3009687.38
P10715,10.0,Loft,104.0,4.0,7.0,20230.0,Good,11.25,2042853.71
P10716,200.0,Loft,180.0,4.0,2.0,2005.0,Good ,7.62,1797052.94
P10717,8.0,*Penthouse*,164.0,5.0,-4.5,1921.0,Good,5.88,2446776.37
P10718,15.0,Apartment,20.0,3.0,null,1908.0,Needs Renovation,12.75,385334.79
P10719,treinta y dos,	Studio	,83.0,4.0,8.0,1880.0,Needs Renovation,3.66,1334073.56
P10720,200.0,NULL,98.0,4.0,9.0,1963.0,Good,1.28,784768.39
P10721,11.0,Apartment,95.0,50.0,0.0,-1011.5,Needs Renovation,7.55,1282488.9
P10722,12.0,Apartment,123.0,3.0,6.0,20230.0,Good,-7.495,1335504.46
P10723,2.0,Penthouse,30.0,2.0,0.0,1879.0,Needs Renovation,14.99,513752.75
P10724 ,20.0,Apartment,110.0,2.0,1.0,24009.55,New,10.28,1405182.73
P10725,7.0,Studio,108.0,-28.75,90.0,2017.0,Needs Renovation,3.79,922906.44
P10726,7.0,Penthouse,157.0,1.0,4.0,1977.0,Renovated,1.01,2138334.07
P10727,1.0, Apartment,175.0,1.0,5.0,1960.0,Good,2.83,-22717282.96
	P10728	,4.0,Loft,89.0,2.0,0.0,1985.0,Good,4.58,942154.81
P10729,20.0,Studio,26.0,1.0,9.0,1964.0,Needs Renovation,11.39,398560.47
P10730,8.0,  Penthouse  ,185.0,1.0,9.0,1934.0,Renovated,12.61,1947934.82
P10731,13.0,Loft,70.0,2.0,2.0,-1011.5,Renovated,1.77,827161.64
P10732,10.0,Penthouse,191.0,3.0,7.0,1898.0,RENOVATED,5.32,2487390.6
*P10733*,17.0,Loft,77.0,3.0,0.0,1855.0,NULL,10.34,1204675.5
P10734,4.0,Loft,42.0,2.0,4.0,1964.0,Renovated,7.84,648286.43
P10735,7.0,penthouse,191.0,-2.5,3.0,1907.0,Renovated,10.88,2306753.4
P10736,14.0,Apartment,119.0,4.0,2.0,1948.0,Good,2.56,-1975415.91
P10737,5.0,Apartment,198.0,3.0,9.0,veinte,Renovated,12.6,3602493.3
P10738,18.0,	Loft	,128.0,4.0,8.0,-1011.5,	Renovated	,NaN,1328882.29
P10739,5.0,Studio,veinte,5.0,1.0,1916.0,Renovated,4.08,1202451.69
P10740,8.0, Loft ,132.0,2.0,3.0,1953.0,Good,8.88,39508318.199999996
P10741,16.0,studio,81.0,5.0,-4.5,1864.0,Renovated,7.2,759582.61
P10742,16.0,Loft,119.0,5.0,1.0,1944.0,Needs Renovation,5.67,1308226.32
P10743,6.0,Penthouse,154.0,4.0,6.0,1961.0,Good,4.44,1812046.69
P10744,5.0,Loft,103.0,2.0,9.0,1998.0,Good,6.73,1052205.72
P10745,18.0,Apartment,191.0,4.0,0.0,1965.0,New,4.68,1802790.39
P10746,3.0,Apartment,157.0,2.0,3.0,1895.0, Renovated ,9.67,1821090.86
P10747,14.0,Penthouse 	,135.0,50.0,0.0,1956.0,Good,186.68,1965647.0
P10748,3.0,Studio,61.0,4.0,4.0,1953.0,New,10.03,913597.32
P10749,7.0,Loft,54.0,50.0,3.0,1910.0,Renovated,11.81,795255.72
P10750,2.0,Loft,136.0,5.0,4.0,1905.0,Needs Renovation,1.84,1211478.92
P10751,1.0,Apartment,116.0,5.0,1.0,1953.0,Needs Renovation,0.97,1242975.15
P10752,1.0,Apartment,44.0,3.0,-4.5,1939.0,Renovated,11.95,39508318.199999996
P10753,18.0,Penthouse,139.0,4.0,8.0,twelve,New,14.56,2752590.1
P10754,17.0,Loft,198.0,50.0,3.0,1938.0,  Good  ,10.53,nueve
P10755,4.0,Apartment,197.0,5.0,0.0,2019.0,Good,12.44,3027425.8
P10756,8.0,Studio,36.0,3.0,7.0,1866.0, New,5.26,439553.86
P10757,12.0,Penthouse,104.0,5.0,90.0,1927.0,Needs Renovation,13.74,937691.05
P10758,3.0,APARTMENT,177.0,5.0,0.0,2008.0,Needs Renovation,149.9,2640427.46
P10759,222.14,Studio,177.0,50.0,5.0,1907.0,Good,10.42,1667999.36
P10760,10.0,Apartment,176.0,50.0,9.0,-1011.5,New,4.12,3387174.09
P10761,3.0,Loft,73.0,2.0,0.0,1863.0,Needs Renovation,NULL,1434728.19
	P10762	,13.0,Loft,149.0,4.0,2.0,1912.0,[New],14.11,1400048.97
P10763,1.0,Studio,177.0,1.0,3.0,1949.0,New,seven,2792853.05
P10764,16.0,Loft,136.0,55.38,0.0,20230.0,Renovated,4.2,2417543.08
P10765,19.0, Apartment,79.0,3.0,5.0,-1011.5,New	,8.3,39508318.199999996
P10766,8.0,Studio,179.0,4.0,3.0,2022.0,Needs Renovation,3.69,2626992.56
P10767,9.0,Apartment,110.0,5.0,2.0,20230.0,New,7.79,1817351.49
P10768,9.0, Apartment,185.0,1.0,1.0,1857.0,Good,1.23,2174971.32
P10769,11.0,Apartment,122.0,3.0,8.0,1879.0,Good,11.41,1531758.94
P10770,19.0,Studio,160.0,2.0,90.0,1909.0,Needs Renovation,166.68,2580681.1
P10771,3.0,Penthouse,140.0,5.0,5.0,1971.0,	Good	,3.94,2225532.37
P10772,-115.0,Studio,122.0,4.0,5.0,1881.0,Needs Renovation,6.79,2100539.65
P10773,18.0,Penthouse,29.0,2.0,4.0,1855.0,Needs Renovation,5.22,410905.21
P10774,5.0,Apartment ,137.0,3.0,0.0,1945.0,Renovated,14.5,2458034.49
P10775,2.0, Loft	,95.0,1.0,5.0,1884.0,Needs Renovation,14.23,1000410.3
P10776,-10.0,Apartment,164.0,3.0,9.0,1852.0,Renovated,14.97,2206265.41
P10777,20.0, Studio,-1144.25,1.0,8.0,1922.0,Renovated,3.13,1185462.61
P10778,1.0,STUDIO,97.0,5.0,90.0,1879.0,Needs Renovation,11.76,1035194.96
P10779,-10.0,Studio,1990.0,1.0,9.0,1907.0,Renovated,5.44,2213383.14
P10780,18.0,Loft,141.0,50.0,2.0,1965.0,Needs Renovation,5.37,1216646.07
P10781,6.0, Loft ,24.0,-2.5,4.0,1998.0,New,14.25,259678.35
P10782,20.0,Penthouse,149.0,1.0,1.0,-1011.5,Good,1.02,1605877.68
*P10783*,3.0,Apartment,68.0,50.0,0.0,1867.0,Renovated,12.94,576143.74
P10784,200.0,Loft,104.0,1.0,9.0,1925.0,[Good],5.78,NULL
P10785,13.0,Penthouse,146.0,2.0,7.0,1856.0,Renovated,2.41,-1975415.91
P10786,n/a,Apartment,133.0,4.0,95.2,1912.0,New,149.9,1744089.5
P10787,10.0,Loft,134.0,-2.5,4.0,1939.0,Renovated,1.88,2386226.94
P10788,9.0, Apartment,42.0,5.0,4.0,-11632.25,Good,4.56,651734.34
P10789,3.0,Studio,28.0,2.0,3.0,1973.0,Needs Renovation,11.51,446699.55
P10790,15.0,Loft	,nueve,3.0,3.0,20230.0,New,3.64,593945.85
P10791,1.0,Apartment,35.0,5.0,3.0,1878.0,Renovated ,2.66,599267.59
P10792,18.0,Apartment,veinte,4.0,1.0,-1011.5,Renovated,8.98,1082977.5
P10793,13.0,Apartment,33.0,2.0,5.0,1949.0,Renovated,13.35,340600.4
P10794,14.0,Loft,194.0,4.0,2.0,19852.25,New,9.9,1836275.61
P10795,18.0,null,130.0,-2.5,3.0,1899.0,Good,6.26,1260127.85
P10796,null,Studio,162.0,3.0,94.75,1917.0,Good,4.42,1996762.44
P10797,200.0,Penthouse,48.0,5.0,9.0,1944.0,Renovated,14.83,955727.11
P10798,-10.0,Studio,161.0,2.0,2.0,1934.0,New,13.06,2821656.58
P10799,6.0,Loft,97.0,5.0,3.0,20230.0, New,6.7,1669958.33
P10800,14.0,Penthouse,74.0,1.0,6.0,2008.0,Needs Renovation,10.49,1036631.3
P10801,3.0,Penthouse ,143.0,3.0,3.0,1920.0,Renovated,0.73,2098423.23
P10802,8.0,Loft,64.0,4.0,0.0,1941.0,Good,3.33,542826.64
P10803,15.0,N/A,61.0,4.0,6.0,1979.0,Good,9.24,1059632.97
*P10804*,10.0,*Apartment*,18.0,4.0,7.0,-,Needs Renovation,-86.19,157177.54
P10805,11.0,Loft,26.0,3.0,0.0,1898.0,Renovated,149.9,419062.93
P10806,200.0,Penthouse,74.0,4.0,8.0,1945.0,Needs Renovation,3.78,837019.35
 P10807,20.0,Studio,56.0,1.0,8.0,1967.0,Renovated,3.67,868221.87
P10808	,11.0,Studio,179.0,50.0,3.0,1956.0,Needs Renovation,2.14,2733681.49
P10809,11.0,Studio,94.0,2.0,90.0,1915.0,Needs Renovation,6.46,958934.31
P10810,na,  loft  ,87.0,50.0,-4.5,1945.0,[ New ],12.2,725069.04
	P10811	,19.0,Studio,190.0,4.0,1.0,20230.0,Renovated,10.26,2620586.72
P10812,13.0,Penthouse,178.0,-28.75,8.0,1927.0,	Needs Renovation	,6.27,2776967.48
P10813,12.0,Apartment,29.0,50.0,90.0,1974.0,Good,0.86,-1975415.91
P10814,19.0,Studio,163.0,2.0,4.0,1995.0,,2.35,2373338.02
P10815,15.0,Studio,176.0,nueve,99.15,1885.0,Needs Renovation,177.84,2266719.21
P10816,10.0,Apartment,36.0,5.0,8.0,1945.0,Needs Renovation,149.9,676914.1
P10817,16.0, Studio,178.0,4.0,2.0,2000.0,Renovated,0.52,3444495.04
P10818,200.0,Penthouse,137.0,3.0,4.0,1953.0,Good,2.35,-22717282.96
P10819,14.0,Loft,154.0,1.0,6.0,1895.0,New,2.45,2461023.47
P10820 ,15.0,Loft,1990.0,1.0,90.0,1854.0,Needs Renovation,2.0,-1975415.91
P10821,18.0,PENTHOUSE,130.0,3.0,0.0,1880.0,New,5.18,1506101.28
P10822,12.0,Apartment,97.0,5.0,2.0,1982.0,  New  ,7.96,1890683.24
P10823,8.0,Penthouse,84.0,n/a,1.0,2022.0,Good,14.84,1059114.98
P10824,20.0,Apartment,1990.0,1.0,6.0,1945.0,Needs Renovation,3.07,1213239.2
P10825,11.0,Loft,68.0,3.0,9.0,1865.0,New	,14.94,978007.36
P10826,1.0,Apartment,60.0,3.0,9.0,1960.0, Good ,5.12,1064981.15
P10827,8.0,Studio,171.0,4.0,2.0,2010.0,Needs Renovation,9.67,2767857.35
P10828 ,200.0,Loft,177.0,5.0,-4.5,1958.0,Needs Renovation,4.22,2644718.09
P10829,null,Studio,181.0,4.0,-4.5,1951.0,Renovated,1.84,2373136.7
P10830,1.0,Loft,185.0,5.0,8.0,1935.0,New,4.96,39508318.199999996
P10831,10.0,Loft,125.0,-28.75,2.0,1891.0,New,-7.495,2194762.78
*P10832*,4.0,Studio,129.0,2.0,8.0,1869.0,Renovated,9.95,1493421.11
P10833,10.0,Penthouse,53.0,3.0,6.0,1860.0,[Needs Renovation],9.75,-1975415.91
P10834,-10.0,Loft,169.0,3.0,2.0,1983.0,Renovated,4.16,1436322.13
P10835,16.0,Apartment,127.0,-2.5,2.0,-11632.25,Needs Renovation,8.96,1250573.33
P10836,15.0,Penthouse,-99.5,-2.5,3.0,2002.0,New,10.66,2493852.93
P10837,10.0,Apartment,116.0,4.0,4.0,2014.0,New,0.8,1427201.24
P10838,1.0,  Penthouse  ,102.0,1.0,5.0,1903.0,New ,149.9,2009620.29
P10839,6.0,Studio,132.0,4.0,0.0,1856.0,Good,7.09,ocho horas
P10840,18.0,Studio,25.0,4.0,6.0,2022.0,Renovated,2.25,480418.97
P10841,18.0,Loft,42.0,3.0,9.0,2002.0,  Needs Renovation  ,-7.495,824538.19
P10842,8.0,Loft,111.0,4.0,2.0,1879.0,Good,7.74,1109181.96
P10843 ,N/D,Loft,1990.0,4.0,7.0,1951.0,Needs Renovation,6.12,2203053.4
P10844,1.0,Studio,61.0,5.0,3.0,2015.0,Needs Renovation,7.1,811568.46
[P10845],19.0,Loft,21.0,1.0,8.0,1923.0,Needs Renovation,7.42,408550.61
P10846,1.0,Studio,149.0,5.0,3.0,2010.0,Good,2.34,-1975415.91
P10847,9.0,  Apartment  ,195.0,4.0,0.0,22116.29,New,3.53,1940626.31
P10848,-10.0,Studio,18.0,1.0,-4.5,-,[Renovated],2.19,153064.24
P10849,200.0,Studio,166.0,50.0,3.0,20230.0,Needs Renovation,10.34,1916572.11
P10850,4.0,Penthouse,46.0,five point two,2.0,1896.0,Needs Renovation,13.11,586764.57
P10851,200.0,Penthouse,45.0,4.0,6.0,1897.0,Needs Renovation,149.9,-1975415.91
P10852,20.0,Loft,-99.5,1.0,5.0,1915.0,New,treinta y dos,3408840.17
P10853,12.0,Penthouse,50.0,2.0,6.0,-1011.5,Needs Renovation	,149.9,584183.37
P10854,20.0,Studio,104.0,2.0,5.0,1893.0,Renovated,1.08,1053087.6
P10855,20.0,Apartment,-1144.25,3.0,90.0,1879.0,Good,10.25,39508318.199999996
P10856,11.0,Apartment,47.0,2.0,5.0,1943.0,Good,-7.495,832656.72
P10857,10.0,Apartment,151.0,5.0,0.0,20230.0,Good,6.88,1231387.9
P10858,200.0,Studio,194.0,-2.5,1.0,1852.0,NEEDS RENOVATION,veinte,1823116.39
P10859,14.0,apartment ,180.0,5.0,90.0,20230.0,Needs Renovation,12.48,3395963.89
P10860,200.0,Studio,127.0,2.0,5.0,2021.0,Needs Renovation,14.06,2234869.85
P10861,18.0,Studio,nueve,1.0,4.0,1904.0,Good,4.09,2455413.45
P10862,16.0,Penthouse,109.0,4.0,2.0,1968.0,Good,7.44,1414983.42
P10863,200.0,Penthouse,187.0,5.0,9.0,1902.0,Needs Renovation,8.09,2852182.31
P10864,20.0,penthouse,88.0,3.0,6.0,2006.0,Renovated,0.68,?
P10865,1.0, Apartment,145.0,3.0,2.0,1855.0,Good,6.08,2451590.76
P10866,7.0,Loft,52.0,5.0,2.0,-1011.5, Good,4.42,1010307.15
P10867,14.0,Loft,136.0,N/D,2.0,1934.0, Good 	,0.87,1862277.75
P10868,15.0,Loft,150.0,-2.5,-4.5,1909.0,Good,4.24,2990247.58
P10869,3.0,Apartment,85.0,2.0,7.0,1962.0,Good,9.86,868982.39
P10870,200.0,Apartment,-99.5,2.0,7.0,1962.0,Renovated,1.62,290274.76
P10871,8.0,Penthouse,26.0,1.0,9.0,1961.0,Good,10.37,247606.66
P10872,15.0,Loft,178.0,1.0,5.0,2020.0,New,1.18,1550250.03
P10873 ,,Apartment,155.0,3.0,1.0,1908.0,Renovated,0.56,2271801.15
P10874,18.0,Penthouse,199.0,4.0,8.0,1917.0,New,3.07,3124665.01
P10875,15.0,	Studio	,81.0,2.0,7.0,1943.0,good,7.61,-1975415.91
P10876,4.0,Studio,39.0,4.0,N/A,1915.0,Renovated,?,395786.81
P10877,-10.0,LOFT,59.0,2.0,1.0,1960.0,Renovated,5.57,707046.42
P10878,12.0,Apartment,1990.0,3.0,-4.5,1863.0,Needs Renovation,12.54,1915750.84
P10879,ocho horas,Studio,186.0,1.0,-4.5,-1011.5,N/A,0.74,2895761.34
P10880,19.0,Penthouse,33.0,2.0,90.0,1996.0, Good,8.07,584945.41
P10881,6.0,Studio,194.0,49.81,-4.5,2003.0,Good,13.41,-22717282.96
P10882,7.0,Apartment,141.0,3.0,5.0,1926.0,Renovated,9.47,1905718.66
P10883,18.0,Penthouse ,68.0,4.0,7.0,1934.0,Good,6.79,1095172.13
P10884,11.0,Penthouse,1990.0,1.0,5.0,2000.0,Renovated,4.89,1277993.16
P10885,NULL,Penthouse,101.0,3.0,1.0,1936.0,New,4.04,1657279.33
P10886,5.0,Loft,163.0,1.0,1.0,1937.0,New,149.9,1692880.3
*P10887*,9.0,Studio,182.0,3.0,1.0,1933.0,Good,10.64,2230952.77
P10888,8.0,Studio,105.0,1.0,8.0,1880.0,Renovated,3.34,1778368.28
P10889,8.0,[Loft],54.0,5.0,treinta y dos,1997.0,Needs Renovation,4.29,748339.13
  P10890  ,5.0,Loft ,131.0,4.0,8.0,1874.0,Needs Renovation,5.13,1990098.48
P10891,13.0,Loft,55.0,3.0,5.0,1983.0,New,0.85,628513.15
P10892,200.0,Loft,1990.0,2.0,-4.5,1966.0,Renovated,7.34,3010439.77
P10893,12.0,Loft,166.0,3.0,-4.5,1965.0,Needs Renovation,6.41,2574358.37
P10894,11.0, Apartment,49.0,1.0,-4.5,1975.0,New,8.87,507421.05
P10895,15.0,Penthouse,103.0,2.0,6.0,20230.0,New,11.37,1598932.99
P10896,18.0,Loft,-99.5,1.0,0.0,2011.0,Good,3.13,1037827.48
P10897,14.0,*Studio*,118.0,2.0,5.0,1870.0,Needs Renovation ,6.68,1377884.28
P10898,9.0,Penthouse,110.0,1.0,6.0,1880.0,Renovated,2.99,987678.9
P10899,11.0,Studio,-99.5,1.0,NULL,1974.0,Needs Renovation,12.27,464989.19
P10900,-10.0,Apartment,29.0,4.0,8.0,1958.0,New,149.9,457983.83
P10901,4.0,Loft,146.0,1.0,2.0,1970.0,New,13.35,1203281.51
P10902,4.0,Studio,1990.0,-2.5,1.0,-1011.5,Needs Renovation,14.01,336159.66
P10903,15.0,Apartment,184.0,5.0,8.0,1857.0,Needs Renovation,9.76,3062107.67
P10904,7.0,Studio,124.0,50.0,2.0,1891.0,[ Needs Renovation ],12.96,1196793.04
P10905,6.0,Penthouse,-99.5,5.0,-4.5,1922.0,New,11.52,2157228.27
P10906,doce,Penthouse,1990.0,4.0,7.0,1913.0,New,9.86,1514344.8
P10907,12.0,Studio,165.0,5.0,90.0,1938.0,	New	,2.7,1920703.38
  P10908  ,13.0,Penthouse,34.0,4.0,1.0,2002.0,Good,11.07,294222.15
P10909,14.0,Apartment,117.0,4.0,5.0,1948.0,New,6.7,1226372.32
P10910,1.0,Studio,132.0,4.0,2.0,1908.0,Needs Renovation,0.6,2236420.15
P10911,3.0,Studio,140.0,1.0,8.0,1884.0,Good,12.77,1741990.07
P10912,17.0,Loft,191.0,3.0,6.0,1879.0,New,5.42,3719820.99
	P10913	,200.0,Penthouse,158.0,3.0,3.0,1932.0,New ,13.19,1735231.5
P10914,14.0,Studio ,187.0,5.0,9.0,1883.0,Needs Renovation,4.47,-1975415.91
P10915,3.0,Studio,20.0,2.0,8.0,1930.0,Needs Renovation,10.21,386805.78
P10916,3.0,Apartment,89.0,2.0,1.0,1877.0,New,12.13,972133.96
P10917,11.0,Penthouse,180.0,5.0,9.0,1870.0,Renovated,10.4,1736568.07
P10918,5.0,Loft,117.0,3.0,3.0,20230.0,Good,5.04,2075972.51
P10919,5.0,Penthouse ,73.0,1.0,7.0,22943.71,New,9.88,1448229.29
 P10920,-,Studio,49.0,3.0,7.0,20230.0,Needs Renovation,-7.495,767350.14
P10921,221.29,Studio,186.0,1.0,NaN,1966.0,Good,149.9,3319472.37
P10922,14.0,Loft,1990.0,4.0,0.0,1982.0,Good,14.73,1149913.05
P10923,3.0,Apartment,-,4.0,2.0,-1011.5,Good,7.3,326508.65
P10924,4.0,[Loft],126.0,5.0,0.0,1973.0,Renovated,11.02,2402354.2
P10925 ,14.0,Penthouse,165.0,2.0,1.0,1928.0,Good,1.53,2127400.51
*P10926*,8.0,Penthouse,41.0,2.0,7.0,1928.0,New,4.11,638636.98
P10927	,8.0,Penthouse,61.0,5.0,7.0,1945.0,New,8.95,706335.44
P10928,10.0, Studio,130.0,1.0,twenty,1928.0,Good,-7.495,1385566.94
P10929,13.0,PENTHOUSE,1990.0,50.0,-4.5,2008.0,New,2.27,1923281.02
P10930,8.0,Loft,167.0,3.0,0.0,1950.0,Needs Renovation,10.12,-1975415.91
P10931,200.0,Studio,-99.5,-2.5,4.0,1871.0, New ,3.34,39508318.199999996
P10932,-10.0,Apartment,30.0,2.0,0.0,doce,New,7.14,473548.96
P10933,12.0,Penthouse,144.0,4.0,1.0,1943.0,Good,9.14,2038247.55
P10934,200.0,Loft,83.0,5.0,2.0,1954.0,*Renovated*,8.78,1581008.64
P10935,18.0,Studio,184.0,50.0,3.0,1935.0,Needs Renovation,12.74,1704734.87
P10936,3.0,Apartment,36.0,null,5.0,20230.0,NEEDS RENOVATION,149.9,360495.91
P10937,1.0,?,85.0,1.0,0.0,1981.0,Good,7.93,916478.12
*P10938*,2.0,Apartment,96.0,3.0,0.0,1877.0,new,3.9,1199798.31
P10939,17.0,Loft ,197.0,4.0,1.0,1936.0,Needs Renovation,11.38,-1975415.91
P10940,14.0, Penthouse,70.0,-28.75,1.0,1962.0,New	,6.94,889121.15
P10941,18.0,Studio,53.0,-2.5,90.0,2000.0,Renovated,10.24,747656.63
P10942,3.0,Penthouse,44.0,2.0,90.0,1916.0,New,12.22,634462.4
P10943,17.0,Studio,-1144.25,2.0,5.0,1917.0,Good,14.89,2359864.4
P10944 ,18.0,Penthouse,66.0,-2.5,4.0,1927.0,Needs Renovation,12.95,605114.58
P10945,200.0,Apartment,189.0,4.0,7.0,-1011.5,Renovated,13.61,3675767.86
  P10946  ,NaN,penthouse,169.0,1.0,0.0,1873.0,New,8.29,3281432.84
P10947,8.0,Apartment,97.0,1.0,2.0,1911.0,Needs Renovation,5.96,1115144.29
P10948 ,4.0,Loft,36.0,3.0,2.0,2018.0,New,8.29,679089.17
P10949,10.0,Studio,45.0,2.0,0.0,1887.0,New,5.15,520731.15
P10950,1.0,Studio,124.0,50.0,2.0,1906.0,*New*,1.52,veinte
P10951,200.0,Loft,49.0,2.0,3.0,-1011.5,Renovated,149.9,503795.71
P10952,17.0,Penthouse,179.0,-2.5,4.0,1865.0,Good,2.95,3484302.72
P10953,12.0,Studio,75.0,2.0,0.0,1949.0,Renovated,14.05,39508318.199999996
	P10954	,-10.0,Apartment,185.0,1.0,6.0,1984.0,Renovated,-7.495,3299567.21
P10955,14.0,Penthouse,85.0,4.0,3.0,1927.0,	New	,149.9,974747.9
P10956,9.0,Apartment,110.0,3.0,1.0,1974.0,Needs Renovation,149.9,1805234.68
P10957,200.0,Penthouse,154.0,1.0,5.0,1907.0,New,1.77,2424947.49
P10958,16.0, Penthouse,160.0,5.0,6.0,2003.0,Renovated,3.54,-1975415.91
P10959,6.0,Penthouse,-99.5,-2.5,0.0,1885.0,New,3.1,1826091.39
P10960,19.0,Apartment,199.0,5.0,6.0,-1011.5,Good,2.08,1929183.36
P10961,17.0,Apartment,-99.5,5.0,2.0,1936.0,New,9.68,1223220.39
P10962,1.0,Studio,1990.0,1.0,6.0,-1011.5,New,12.48,1595437.85
P10963,-10.0,Penthouse,-99.5,2.0,8.0,1850.0,Needs Renovation,8.65,858999.41
P10964,5.0,Studio,194.0,2.0,1.0,2007.0,New,12.31,-1975415.91
P10965,18.0,Loft,140.0,50.0,9.0,1964.0,Good,3.94,1342211.44
P10966,11.0,Studio,184.0,3.0,7.0,1890.0,Needs Renovation,8.13,2891291.52
P10967,11.0,Penthouse,76.0,3.0,1.0,20230.0,New,5.98,39508318.199999996
P10968,19.0,Penthouse,128.0,5.0,6.0,1871.0,  New  ,1.55,1550739.96
P10969,17.0,Apartment,88.0,1.0,4.0,2015.0,Good,3.43,1347962.28
P10970,8.0,Apartment,102.0,1.0,4.0,1906.0,  Needs Renovation  ,0.59,925865.63
P10971,3.0,Loft,135.0,4.0,8.0,1917.0, Renovated,13.93,1279660.88
P10972,-10.0,Penthouse,131.0,2.0,7.0,1934.0,New,8.43,2566288.41
P10973,18.0,Loft,197.0,5.0,0.0,1867.0,  New  ,11.07,2885640.06
P10974,12.0,Studio,115.0,5.0,8.0,1863.0,Renovated,11.52,39508318.199999996
P10975,19.0,Penthouse,146.0,2.0,7.0,1969.0,Good,8.89,2047518.36
P10976,-10.0,Penthouse,122.0,1.0,4.0,1868.0, Good,1.76,1435760.13
P10977,7.0,Studio,40.0,1.0,0.0,1931.0,Good,12.53,39508318.199999996
P10978,1.0,Loft,1990.0,2.0,2.0,1866.0,New,4.84,NULL
P10979,8.0,Penthouse,90.0,1.0,2.0,1956.0,New,12.05,39508318.199999996
P10980,11.0,Apartment,-99.5,3.0,3.0,20230.0,Needs Renovation,-7.495,3331308.79
P10981,208.98,*Apartment*,60.0,4.0,5.0,1911.0,Good,145.85,1059670.06
P10982,17.0,Studio,39.0,2.0,9.0,2006.0,Needs Renovation,7.23,341253.25
P10983,16.0,*Apartment*,148.0,4.0,8.0,1927.0,Good,8.41,1515081.57
P10984,9.0,Apartment,104.0,1.0,3.0,20230.0,New,2.04,1766263.67
P10985,8.0,Loft,82.0,5.0,1.0,1991.0,Renovated,12.18,1045445.24
P10986,15.0,Apartment,63.0,-2.5,0.0,1862.0,New,9.47,1231349.19
P10987,17.0,Studio,140.0,2.0,90.0,2005.0,Needs Renovation,6.72,2240108.97
P10988,3.0,[Apartment],182.0,2.0,6.0,1928.0,Needs Renovation,5.34,1504235.49
P10989,5.0,Studio,95.0,-2.5,3.0,1895.0,Renovated,149.9,1601511.83
P10990,9.0,Penthouse,26.0,2.0,2.0,2011.0,Needs Renovation,14.08,474931.95
P10991,11.0,Penthouse,148.0,5.0,5.0,1867.0,Needs Renovation,-7.495,2777777.64
P10992,200.0,Studio,137.0,5.0,6.0,1897.0, New,8.97,1743136.8
P10993,7.0,Studio,98.0,3.0,4.0,1897.0,New,5.66,1785253.16
P10994,-10.0,Apartment,83.0,3.0,-4.5,1971.0,*Good*,11.23,937023.88
P10995,15.0,Loft,195.0,5.0,2.0,1942.0,Renovated,4.65,1838709.29
P10996,14.0,Apartment,,5.0,90.0,1860.0,GOOD,10.71,2852000.41
P10997,7.0,[Loft],120.0,5.0,6.0,1863.0,Renovated,10.59,1586970.71
P10998,15.0,Penthouse,52.0,4.0,1.0,2018.0,New,12.41,473854.04
P10999,-10.0,Studio,159.0,1.0,2.0,1850.0,Renovated,8.68,2782928.65
P11000,20.0,Apartment,-1144.25,2.0,9.0,1934.0, Good ,9.45,179911.15
P11001,11.0,Studio,146.0,2.0,1.0,1861.0,*New*,11.55,2442809.75
P11002,8.0,na,-,-2.5,8.0,-,Needs Renovation,4.11,1792025.52
P11003,17.0,Apartment,16.0,2.0,4.0,1859.0,Renovated,12.29,192212.97
P11004,9.0,Studio,1729.27,4.0,5.0,1935.0,New,8.59,1136469.03
P11005,13.0,  Loft  ,-99.5,4.0,6.0,1986.0,Good,-86.19,1220591.47
P11006,4.0,Loft,180.0,5.0,9.0,1968.0,	New	,1.09,2465501.05
P11007	,5.0,Apartment,1990.0,1.0,5.0,2001.0,New,5.21,2291370.09
P11008,2.0,Studio,134.0,50.0,4.0,1906.0,Good,3.93,1904960.77
P11009,7.0, Loft,47.0,3.0,8.0,1945.0,Renovated,12.76,817612.13
P11010,3.0, Loft ,56.0,3.0,8.0,2019.0,New,1.4,n/a
P11011,1.0,Apartment,-99.5,1.0,1.0,1906.0,Good,1.26,-1975415.91
P11012,-10.0,Studio,140.0,5.0,6.0,1882.0,New,12.74,2328047.04
P11013,11.0,Apartment,dieciocho,1.0,3.0,1884.0,,12.98,407012.41
P11014,15.0,Apartment,-99.5,5.0,4.0,1987.0,Good,6.36,39508318.199999996
P11015,19.0,Loft,191.0,3.0,9.0,2013.0,Needs Renovation,7.99,3518732.71
 P11016,16.0,[Apartment],27.0,1.0,twenty,ocho horas,Needs Renovation,7.49,308406.68
P11017,14.0,Studio,37.0,-2.5,0.0,1989.0,Renovated,13.91,421171.75
P11018,7.0,Studio,67.0,1.0,90.0,1961.0,Renovated,-7.495,926449.98
P11019,9.0,Loft,172.0,50.0,2.0,1939.0,Good,-7.495,2031090.59
P11020,2.0,Studio,90.0,2.0,1.0,1926.0,Renovated,-7.495,737310.41
 P11021,16.0,Loft,16.0,5.0,9.0,1937.0,Needs Renovation,149.9,203665.31
P11022,2.0,Loft ,-1144.25,4.0,4.0,1990.0,Renovated,9.91,2908035.78
P11023,13.0,Studio,cinco punto tres,4.0,4.0,veinte,Needs Renovation,4.99,1362421.61
P11024,7.0,Studio,-99.5,4.0,-4.5,1934.0,New,5.91,1934013.65
P11025,13.0,apartment,146.0,3.0,-51.75,2000.0,Needs Renovation,5.23,2387032.78
P11026,18.0,Loft,182.0,twenty,3.0,1953.0,Renovated,8.7,1740691.24
P11027,19.0,Penthouse,67.0,50.0,9.0,1950.0,Needs Renovation,4.88,563682.77
P11028,9.0,Studio,111.0,4.0,4.0,20230.0,New,veinte,1561146.52
P11029,11.0,Studio,124.0,2.0,9.0,20230.0,good,-7.495,39508318.199999996
P11030,9.0,Apartment,92.0,3.0,3.0,1882.0,Needs Renovation,3.62,1771752.01
P11031,17.0,Penthouse,119.0,5.0,9.0,2020.0,Good,12.07,2279188.17
P11032,6.0,Apartment,180.0,5.0,5.0,1900.0,Good,3.45,-1975415.91
P11033,-10.0,Penthouse,18.0,2.0,3.0,1874.0,New,6.37,154150.38
P11034,8.0,Apartment ,112.0,4.0,8.0,1910.0,  Renovated  ,12.83,1741205.17
*P11035*,6.0,Studio,185.0,3.0,8.0,1954.0,New ,-7.495,2684512.79
P11036,19.0,Penthouse,107.0,1.0,1.0,1877.0,renovated,3.81,1027214.3
P11037,19.0,Apartment,90.0,dieciocho,9.0,1850.0,[Renovated],2.94,1043923.75
P11038,19.0,Studio,31.0,3.0,2.0,2023.0,Good,13.32,269349.77
P11039,16.0, Loft,181.0,2.0,5.0,-1011.5,Good,6.58,2746439.01
P11040,16.0,Apartment,191.0,3.0,6.0,1979.0, Good,14.04,2469396.7
P11041,2.0,Studio,140.0,3.0,6.0,1973.0,Good,5.72,1984342.53
P11042,1.0,Loft,199.0,5.0,3.0,2007.0,New,14.52,3656106.64
P11043,11.0, Penthouse,127.0,2.0,6.0,1973.0,Good,1.5,2331150.47
P11044,11.0,Studio,69.0,5.0,90.0,1936.0,Renovated,2.8,897412.02
P11045,2.0,Apartment,98.0,4.0,90.0,1994.0,Good,7.31,-22717282.96
P11046,19.0,Studio,91.0,3.0,1.0,seven,New,7.94,1060954.21
P11047,17.0,Penthouse,66.0,doce,6.0,2021.0,New,1.59,901528.08
P11048,12.0,Loft,48.0,2.0,9.0,1891.0,New,5.27,581583.39
P11049,11.0,Penthouse,136.0,2.0,90.0,-11632.25,Renovated,1.9,1503749.89
P11050,5.0,Studio,106.0,1.0,4.0,1879.0,Needs Renovation,1.07,1206481.4
P11051	,16.0,Penthouse,23.0,1.0,8.0,-1011.5,[Good],7.28,397758.03
P11052,18.0,Penthouse,54.0,3.0,3.0,1899.0,Good,0.65,449565.11
P11053,19.0,Studio,92.0,1.0,0.0,1885.0,Needs Renovation,7.42,1363548.88
P11054,10.0,Penthouse,24.0,1.0,9.0,1870.0,Good,149.9,449452.85
P11055,6.0,Apartment,94.0,4.0,5.0,20230.0,  Needs Renovation  ,14.4,-1975415.91
P11056,19.0,Apartment,134.0,5.0,5.0,-1011.5,Good,4.55,2004365.96
P11057,20.0,Penthouse,142.0,1.0,2.0,2019.0,[Good],8.89,2837943.16
P11058,19.0,Apartment,54.0,3.0,5.0,1904.0,Needs Renovation,1.58,905041.12
P11059,5.0,Penthouse,186.0,5.0,7.0,1961.0,New,-7.495,3429128.71
P11060,-10.0,Penthouse,129.0,5.0,6.0,1930.0,Renovated,9.57,1915681.89
P11061,6.0,Apartment,33.0,3.0,5.0,1891.0,Renovated,149.9,533163.09
P11062,15.0,Apartment,1990.0,1.0,1.0,1912.0,Renovated,-7.495,42045513.4
P11063,7.0,Studio,33.0,1.0,1.0,1966.0,New,14.36,348404.28
P11064 ,12.0,Penthouse,95.0,4.0,3.0,2002.0,New,12.87,870555.79
P11065,1.0,Apartment,43.0,1.0,7.0,1863.0,Needs Renovation,4.78,484178.72
P11066,15.0,Loft,184.0,1.0,1.0,1866.0,Good,12.85,2946951.18
P11067,-10.0,Loft,113.0,1.0,8.0,1864.0,Needs Renovation,0.97,2118604.94
P11068,12.0,Loft,177.0,3.0,3.0,1914.0,New,3.22,2142555.48
P11069,16.0,Studio,123.0,1.0,6.0,1973.0,Good,7.94,1332330.99
P11070,15.0,Apartment,1990.0,3.0,6.0,1931.0,Good ,13.09,2076917.95
P11071,10.0,Apartment,68.0,2.0,five point two,1887.0,Renovated,4.31,847587.55
P11072,9.0,Apartment,151.0,3.0,7.0,cinco punto tres,New,8.48,2509320.32
P11073,11.0,Studio,156.0,-28.75,90.0,2002.0,[Needs Renovation],13.39,39508318.199999996
P11074,6.0,Apartment,164.0,4.0,6.0,1917.0,New,12.42,1765268.23
P11075,11.0,Loft,15.0,1.0,9.0,1982.0,New,10.81,128624.5
P11076,14.0,Studio,56.0,4.0,1.0,1923.0,Needs Renovation,149.9,-1975415.91
P11077,6.0, Apartment,122.0,2.0,6.0,20230.0,New,0.54,2127189.54
P11078,11.0,Studio,133.0,53.2,5.0,1894.0,Good,11.22,1166295.16
P11079,14.0,Penthouse,140.0,2.0,90.0,1950.0,Renovated,7.17,2533924.97
P11080,10.0,N/A,17.0,2.0,0.0,20230.0,New,4.18,160280.35
P11081,2.0,Loft,N/D,4.0,7.0,1866.0,Needs Renovation,4.43,39508318.199999996
P11082,5.0,Apartment,83.0,2.0,2.0,1870.0,Renovated,6.17,671362.33
P11083,1.0,Apartment ,18.0,3.0,3.0,1950.0, New ,1.49,234362.69
P11084,10.0,Loft,68.0,3.0,8.0,1889.0,Good,1.83,761704.35
P11085,4.0,Apartment,60.0,5.0,0.0,2013.0,Good,5.04,738966.4
P11086,6.0,Penthouse,113.0,1.0,-4.5,1926.0,New,6.43,1855322.5
P11087,-10.0,Apartment,66.0,50.0,9.0,1871.0, Needs Renovation ,4.91,39508318.199999996
P11088,13.0,Loft,197.0,3.0,9.0,1989.0,Needs Renovation,11.04,2270819.22
P11089,9.0,Apartment,98.0,5.0,4.0,1861.0,Needs Renovation,8.21,1048789.36
P11090,6.0,Penthouse,111.0,1.0,90.0,1852.0,Needs Renovation,4.28,1889395.15
P11091,12.0,Studio,25.0,5.0,9.0,1965.0,Needs Renovation,8.02,370791.5
P11092,2.0,Penthouse,45.0,3.0,1.0,1919.0,Needs Renovation,149.9,602604.81
P11093,200.0,LOFT,174.0,4.0,1.0,2002.0,Good,8.53,2066026.85
P11094,9.0,Apartment,53.0,1.0,5.0,1974.0,na,4.91,713428.1
P11095,4.0,Apartment,84.0,2.0,3.0,1938.0,Renovated,6.86,-1975415.91
P11096,-115.0,Loft,127.0,5.0,0.0,1901.0,	Good	,4.35,1777311.66
	P11097	,18.0,Apartment,128.0,5.0,5.0,-1011.5,Needs Renovation,1.68,1076802.85
P11098,17.0,studio,78.0,n/a,1.0,1936.0,Needs Renovation,2.87,872146.0
P11099,19.0, Studio,68.0,3.0,1.0,1943.0,Needs Renovation,10.17,942650.65
P11100,10.0,Apartment,-,-2.5,4.0,1894.0,Needs Renovation,11.26,-1975415.91
P11101,2.0,Studio,105.0,n/a,9.0,1977.0,good,6.95,1623113.59
P11102,200.0,Studio,61.0,5.0,4.0,1902.0,Good,12.61,585747.06
P11103,7.0,Apartment ,168.0,3.0,5.0,1974.0,Good,2.97,2827615.54
P11104,-10.0,Loft,53.0,-2.5,7.0,1913.0,New,9.24,719104.27
P11105,14.0,Studio,1990.0,1.0,0.0,1870.0,Good,6.41,499459.97
P11106,200.0,	Penthouse	,116.0,50.0,1.0,1972.0,Renovated,9.89,1018865.25
P11107,3.0,Apartment,113.0,3.0,-51.75,1978.0,Needs Renovation,13.72,1785653.8
P11108,18.0,Loft,98.0,3.0,1.0,1975.0,Renovated,10.67,1034093.2
P11109,9.0,Loft,83.0,1.0,5.0,2008.0,New,9.8,five point two
P11110,20.0,Loft,90.0,4.0,0.0,1919.0,Good ,13.75,1287343.73
P11111,200.0,Studio,145.0,2.0,9.0,1939.0,Good,10.87,2311550.67
P11112,19.0,Apartment,40.0,5.0,0.0,1993.0, Renovated,9.17,-1975415.91
P11113,19.0,Apartment,194.0,5.0,6.0,1998.0,Renovated,13.11,2597359.91
P11114,18.0,Penthouse,169.0,2.0,5.0,-1011.5,Needs Renovation,14.1,1848160.45
P11115,9.0,Loft,-99.5,1.0,5.0,1870.0,Needs Renovation,4.19,321350.65
P11116,19.0,STUDIO,99.0,4.0,1.0,1942.0,New,8.42,1402659.76
P11117,6.0,Penthouse,29.0,2.0,5.0,1929.0, Good ,-7.495,494085.36
P11118,200.0,[Loft],123.0,5.0,6.0,-1011.5,New,12.69,1068135.52
P11119,13.0,Penthouse,94.0,50.0,4.0,1922.0,Good,4.62,doce
P11120,2.0, Loft,105.0,5.0,2.0,1898.0,,9.57,873526.54
P11121,12.0,Apartment,86.0,5.0,6.0,1891.0,Renovated,5.61,1384838.22
P11122,200.0,Penthouse,41.0,2.0,8.0,1922.0,Renovated,12.95,391889.65
P11123,16.0,Apartment,143.0,2.0,8.0,-1011.5,Good,12.29,2024025.48
P11124,5.0,Penthouse,139.0,2.0,1.0,1907.0,Needs Renovation,10.7,39508318.199999996
P11125,11.0,	Penthouse	,101.0,2.0,4.0,1997.0,Needs Renovation,12.84,876131.25
	P11126	,20.0,Apartment,-99.5,4.0,0.0,1978.0,Good,0.98,1976356.28
*P11127*,15.0,Studio,1757.72,3.0,7.0,1894.0,Needs Renovation,13.77,39508318.199999996
P11128,16.0,Penthouse,38.0,2.0,3.0,1865.0,New,149.9,650093.44
P11129,17.0,Studio,196.0,1.0,0.0,1928.0, Needs Renovation 	,-7.495,2393028.97
P11130,10.0, Loft ,-99.5,3.0,9.0,1924.0,Good,4.74,1569166.01
P11131,17.0,Apartment,117.0,1.0,6.0,1908.0,NEEDS RENOVATION,7.14,1433785.69
P11132,7.0,Studio,21.0,1.0,4.0,1928.0,New,seven,393745.56
P11133,five point two, Penthouse,141.0,4.0,4.0,2013.0, Good ,3.26,2051271.38
P11134,2.0,[Penthouse],91.0,1.0,2.0,-1011.5,Good,12.37,1240213.24
P11135,9.0,Penthouse,50.0,1.0,9.0,21113.85,Renovated ,12.04,744749.32
P11136,17.0,Loft,NaN,3.0,3.0,19479.7,New,1.92,1358066.02
P11137,1.0,Studio,178.0,4.0,4.0,2018.0,Renovated,5.81,3397090.26
  P11138  ,16.0,Loft,80.0,5.0,6.0,1896.0,GOOD,4.36,849570.99
P11139,16.0,Penthouse,68.0,2.0,-4.5,1922.0,Renovated,6.66,915742.49
P11140,6.0,PENTHOUSE,63.0,5.0,90.0,21525.42,New,3.78,642668.27
P11141,-10.0,Apartment,193.0,50.0,8.0,1972.0,Needs Renovation,13.7,2180957.37
P11142,2.0,Studio,1990.0,4.0,6.0,1863.0,Good,6.85,41306702.04
P11143,8.0,Studio,113.0,5.0,9.0,1881.0,Good,14.14,1937447.77
P11144,175.76,Loft,95.0,5.0,90.0,2010.0,New,7.37,1757207.76
P11145,1.0,Loft,160.0,1.0,1.0,2002.0,Good,4.23,1801147.26
P11146,6.0,Apartment,134.0,2.0,3.0,1931.0,Good,7.14,1117219.38
P11147,9.0,Penthouse,191.0,4.0,2.0,1963.0,Renovated,9.14,3586551.65
P11148,14.0,Loft,78.0,5.0,-4.5,1869.0,new,12.39,1166502.54
P11149,15.0, Studio ,71.0,50.0,0.0,1941.0,Good,3.93,793925.47
P11150,15.0,Penthouse ,22.0,4.0,4.0,1967.0,Needs Renovation,-7.495,379285.6
P11151,19.0,Apartment,59.0,1.0,0.0,1975.0,New,8.07,-1975415.91
P11152,17.0,Penthouse,-99.5,4.0,9.0,1879.0, Renovated,1.84,2224735.73
P11153,10.0,Apartment,144.0,3.0,8.0,1990.0,Renovated ,13.64,-22717282.96
P11154,3.0,Penthouse,177.0,1.0,87.07,1890.0,Renovated,-86.19,doce
P11155,200.0,Penthouse,45.0,4.0,1.0,1926.0,Renovated,12.72,39508318.199999996
P11156,10.0,Studio,72.0,2.0,7.0,2020.0,Good,5.73,1188216.18
P11157,17.0,Studio,176.0,N/A,5.0,1967.0,Renovated ,8.25,2464071.63
P11158,20.0,	Loft	,155.0,,7.0,1902.0,Renovated,5.5,2122632.43
P11159,5.0,Apartment,63.0,-2.5,-4.5,1860.0,Needs Renovation,9.64,1119088.26
P11160,10.0,Penthouse,160.0,5.0,-51.75,ocho horas,*Needs Renovation*,9.83,2483399.4
P11161,13.0,studio,195.0,3.0,7.0,1947.0,New,2.86,2612244.13
	P11162	,19.0,	Studio	,87.0,3.0,-4.5,1868.0,Renovated,6.4,-1975415.91
P11163,8.0,Loft,142.0,3.0,7.0,1875.0,Renovated,6.81,39508318.199999996
P11164,17.0,Penthouse,veinte,2.0,6.0,2018.0,*Good*,2.61,784687.1
P11165,18.0,Studio,-99.5,2.0,7.0,1982.0,Renovated,6.88,1124941.57
P11166,4.0,Loft,1807.83,5.0,4.0,1871.0,Good ,11.21,1956959.3
P11167,9.0,Studio,170.0,1.0,0.0,1867.0,Renovated,3.46,2464125.96
P11168,3.0,Studio,44.0,2.0,6.0,20230.0,Renovated,7.46,541416.05
P11169,8.0,Penthouse,180.0,2.0,1.0,2015.0,Needs Renovation,0.51,3420192.97
P11170,11.0,  Penthouse  ,160.0,3.0,9.0,1866.0,Renovated,cinco punto tres,2661057.17
P11171,19.0,Penthouse,171.0,50.0,5.0,1855.0,*Needs Renovation*,-7.495,3245256.09
P11172,4.0,Loft,154.0,3.0,2.0,2000.0,New,7.12,2409334.72
P11173,19.0,  Apartment  ,118.0,2.0,4.0,1987.0,Needs Renovation,11.78,39508318.199999996
P11174,7.0,Apartment,23.0,4.0,-4.5,1900.0,Needs Renovation,14.02,296147.7
 P11175,17.0,Penthouse,1990.0,3.0,-4.5,1919.0,Needs Renovation,5.7,-1975415.91
P11176,2.0,Studio,161.0,3.0,8.0,1965.0,Good,14.45,2118459.9
P11177,7.0,Penthouse,81.0,-2.5,3.0,20230.0,Needs Renovation,149.9,929332.15
P11178,-10.0,Loft,1990.0,5.0,8.0,1979.0,Good,0.86,1440641.44
P11179,-10.0,Studio,190.0,3.0,-4.5,1907.0,New,-86.19,2735943.07
P11180,16.0,Penthouse,-99.5,4.0,8.0,doce,Good,5.81,1855238.26
P11181,11.0,Apartment,-99.5,3.0,6.0,1915.0,New,-7.495,2303857.77
P11182,15.0,Apartment ,129.0,2.0,9.0,,Good,11.26,2549444.35
P11183,6.0,*Studio*,62.0,1.0,5.0,1939.0,Needs Renovation,149.9,586474.31
P11184,3.0,Studio,52.0,5.0,4.0,1876.0,Needs Renovation,14.23,922023.56
P11185,14.0,Loft,58.0,4.0,0.0,1976.0,new,10.49,520146.16
P11186,16.0,Loft,145.0,50.0,1.0,1895.0, Good,12.17,2575855.87
P11187,2.0,Studio,172.0,5.0,4.0,1948.0,Renovated,8.73,1972806.29
P11188,1.0,Penthouse,173.0,1.0,4.0,1964.0,Good,14.43,-22717282.96
[P11189],1.0,Apartment,45.0,3.0,1.0,1954.0,Good,149.9,437253.45
P11190,8.0,Penthouse,16.0,5.0,4.0,2022.0,Renovated,13.6,285950.23
P11191,5.0,Apartment,34.0,5.0,1.0,-1011.5,Needs Renovation,7.8,301462.98
P11192 ,17.0,Penthouse,174.0,2.0,8.0,1916.0, New ,9.9,39508318.199999996
P11193,3.0,Apartment,65.0,5.0,8.0,1906.0,Renovated	,14.45,1200467.76
P11194,10.0,Loft,90.0,-2.5,6.0,1980.0,Renovated,149.9,1351725.37
P11195,14.0,Apartment ,173.0,5.0,5.0,2010.0,RENOVATED,2.42,2328490.48
P11196,200.0,Penthouse,192.0,4.0,1.0,1965.0,NEW,6.56,2794554.47
P11197 ,6.0, Loft,123.0,-2.5,7.0,1961.0,New,13.18,2247682.75
P11198,8.0,Studio,-99.5,2.0,1.0,1926.0,Good,14.43,1236847.52
P11199,7.0,Apartment,29.0,4.0,4.0,2018.0,Good,11.57,265630.92
